PORTLAND LEGAL SERVICES,HO,6 ChiswellDT5 1AN,01305 866162,,,,info@portlandlaw.co.uk, 01305 866163,: http://www.portlandlaw.co.uk,488416
PORTNER AND JASKEL LLP,HO,63-65 Marylebone LaneW1U 2RA,020 7616 5300,,,,info@portner.co.uk, 020 7258 8521,: http://www.portner.co.uk,426798
PRETTYS,HO,Elm HouseIP1 2AD,01473 232121,,,,mail@prettys.co.uk, 01473 230002,: http://www.prettys.co.uk,57766
PRETTYS,BRN,1 Legg StreetCM1 1JS,01245 295295,,,,mail@prettys.co.uk, 01245 295299,: http://www.prettys.co.uk,449343
PRINCE EVANS,HO,Craven HouseW5 2BS,020 8567 3477,,,,operations@sra.org.uk, 020 8840 7757,: http://www.prince-evans.co.uk,63233
QUEEN STREET TRUSTEES LIMITED,HO,2 Wellington PlaceLS1 4BZ,,,,,operations@sra.org.uk,,,344318
QUERCUS LAW,HO,107-111 Fleet StreetEC4A 2AB,020 7936 9816,,,,robert_oakes@btinternet.com, 020 7936 9133,,445508
RADCLIFFESLEBRASSEUR,HO,5 Great College StreetSW1P 3SJ,020 7222 7040,,,,info@rlb-law.com, 020 7222 6208,: http://www.rlb-law.com,184739
RADCLIFFESLEBRASSEUR,BRN,5-6 Park PlaceLS1 2RU,0113 234 1220,,,,operations@sra.org.uk, 0113 234 1573,: http://www.rlb-law.com,352499
RALLI,HO,16-17 Ralli CourtsM3 5FT,0161 832 6131,,,,ralli@ralli.co.uk, 0161 6150741,: http://www.ralli.co.uk,47058
RAWORTHS LLP,HO,Eton HouseHG1 1HF,01423 566666,,,,operations@sra.org.uk, 01423 504572,: http://www.raworths.co.uk,439478
READ DUNN CONNELL,HO,Manor Row chamberBD1 4PS,01274 723858,,,,info@readdunnconnell.co.uk, 01274 728493,: http://www.readdunnconnell.co.uk,291367
READ DUNN CONNELL,BRN,9 New Brook StreetLS29 8DQ,01943 601173,,,,info@readdunnconnell.co.uk, 01943 604270,: http://www.readdunnconnell.co.uk,513130
REED SMITH LLP,HO,The Broadgate TowerEC2A 2RS,020 3116 3000,,,,reedsmith@reedsmith.com, 020 3116 3999,: http://www.reedsmith.com,389662
REYNOLDS COLMAN BRADLEY LLP,HO,70 St. Mary AxeEC3A 8BE,020 3102 4320,,,,operations@sra.org.uk, 020 3102 4321,: http://www.rcbllp.com,387428
REYNOLDS PORTER CHAMBERLAIN LLP,HO,Tower Bridge HouseE1W 1AA,020 3060 6000,,,,rpc@rpc.co.uk, 020 3060 7000,: http://www.rpc.co.uk,440566
RICHARDSON & CO,HO,Phoenix HouseLS1 5QX,0113 243 1714,,,,mail@richardsonlaw.co.uk, 0113 243 0984,: http://www.richardsonlaw.co.uk,472094
RLS LEEDS LIMITED,HO,Fourth FloorLS1 3BR,0113 283 2100,,,,hswm@brookenorth.co.uk, 0113 283 3999,: http://www.brookenorth.co.uk,524651
RM LEGAL SOLICITORS,HO,1 st Floor 17 Carlton PlaceSO15 2DY,023 8092 6060,,,,info@rm-legal.co.uk, 023 8092 6061,: http://www.rm-legal.co.uk,441401
ROBIN SIMON LLP,HO,2 St. Davids CourtLS11 5QA,0870 839 0800,,,,operations@sra.org.uk, 0870 839 0900,: http://www.robinsimonllp.com,383086
ROBIN SIMON LLP,BRN,Minster HouseEC3R 7AE,0870 839 0800,,,,operations@sra.org.uk, 0870 839 0900,: http://www.robinsimonllp.com,383089
ROBIN SIMON LLP,BRN,1st FloorM1 3FH,0870 839 0800,,,,operations@sra.org.uk, 0870 879 0900,: http://www.robinsonllp.com,383090
ROBIN SIMON LLP,BRN,37a Waterloo StreetB2 5TJ,0870 839 0950,,,,operations@sra.org.uk, 0870 839 0957,: http://www.robinsimonllp.com,404162
ROCHMAN LANDAU LLP,HO,Accurist HouseW1U 7AL,0207 544 2424,,,,mail@rochmanlandau.co.uk, 0207 544 2400,: http://www.rochmanlandau.co.uk,496280
ROCHMAN LANDAU SECRETARIAL LIMITED,HO,Accurist HouseW1U 7AL,020 7544 2424,,,,mail@rochmanlandau.co.uk, 020 7544 2400,: http://www.rochmanlandau.co.uk,78553
ROGERS & CO SOLICITORS,HO,Basinghall BuildingsLS1 5HR,0113 2469984,,,,enquiries@lawrogers.com, 0113 2451587,: http://www.lawrogers.com,495283
ROLLITS,HO,Wilberforce CourtHU1 1YJ,01482 323239,,,,info@rollits.com, 01482 326239,: http://www.rollits.com,54472
ROLLITS,BRN,Rowntree WharfYO1 9WE,01904 625790,,,,john.lane@rollits.com, 01904 625807,: http://www.rollits.com,54474
ROLLITS NOMINEES LIMITED,HO,Wilberforce CourtHU1 1YJ,01482 323 239,,,,info@rollits.com, 01482 326 239,: http://www.rollits.com,222789
ROSHANIAN PAYMAN INTERNATIONAL SOLICITORS,HO,55 Park LaneW1K 1NA,+44 (0)20 7499 2712,,,,rpi@rpi-intl.com, +44 (0) 20 7629-1774,: http://www.rpi-intl.com,404936
ROSLING KING LLP,HO,10 Old BaileyEC4M 7NG,020 7246 8000,,,,operations@sra.org.uk, 020 7246 8100,: http://www.rkllp.co.uk,488026
ROYDS LLP,HO,65 Carter LaneEC4V 5HF,020 7583 2222,,,,info@royds.com, 020 7583 2034,: http://www.royds.com,469004
ROYDS LLP,BRN,18 Crown LaneSM4 5BS,020 8542 1067,,,,operations@sra.org.uk, 020 8544 0246,: http://www.royds.com,469010
ROYTHORNES LLP,HO,Enterprise WayPE11 3YR,01775 842500,,,,roythorne@roythorne.co.uk, 01775 725736,: http://www.roythorne.co.uk,508090
ROYTHORNES LLP,BRN,The MaltingsCB25 0HB,01638 744620,,,,operations@sra.org.uk, 01638 744621,: http://www.roythornes.co.uk,508092
ROYTHORNES LLP,BRN,8-12 The RopewalkNG1 5DT,0115 948 4555,,,,operations@sra.org.uk, 0115 945 4416,: http://www.roythornes.co.uk,508093
ROYTHORNES LLP,BRN,Dean's CourtPE1 1XS,01733 346 868,,,,operations@sra.org.uk, 01733 346 868,: http://www.roythornes.co.uk,508094
RUSSELL - COOKE LLP,HO,2 Putney HillSW15 6AB,0208 789 9111,,,,helpdesk@russell-cooke.co.uk, 020 8780 1194,: http://www.russell-cooke.co.uk,465322
RUSSELL - COOKE LLP,BRN,Bishops Palace HouseKT1 1QN,020 8546 6111,,,,operations@sra.org.uk, 020 8541 4404,: http://www.russell-cooke.co.uk,465340
RUSSELL - COOKE LLP,BRN,8 Bedford RowWC1R 4BX,020 7405 6566,,,,operations@sra.org.uk, 020 7831 2565,: http://www.russell-cooke.co.uk,465350
SALANS LLP,HO,Millennium Bridge HouseEC4V 4AJ,020 7429 6000,,,,london@salans.com, 020 7429 6001,: http://www.salans.com,428018
SALANS LLP,BRN,North TowerBR1 1LR,020 8460 2237,,,,operations@sra.org.uk, 020 8466 9374,: http://www.salans.com,498315
SALANS LLP,BRN,Keystone Innovation CentreIP24 1JD,01842 851 400,,,,thetford@salans.com,,: http://www.salans.com,498322
SAS DANIELS LLP,HO,30 Greek StreetSK3 8AD,0161 475 7676,,,,help@sasdaniels.co.uk, 0161 475 7677,: http://www.sasdaniels.co.uk,486870
SAS DANIELS LLP,BRN,County ChambersSK11 6BA,01625 442 100,,,,help@sasdaniels.co.uk, 01625 615 630,: http://www.sasdaniels.co.uk,486888
SAS DANIELS LLP,BRN,8-10 West StreetCW12 1JS,01260 282 300,,,,help@sasdaniels.co.uk, 01260 274243,: http://www.sasdaniels.co.uk,486903
SAS DANIELS LLP,BRN,4a Woodford RoadSK7 1JJ,0161 475 7680,,,,help@sasdaniels.co.uk, 0161 440 8083,: http://www.sasdaniels.co.uk,486905
SAS DANIELS LLP,BRN,35 White FriarsCH1 1QF,01244 305 900,,,,help@sasdaniels.co.uk, 01244 400950,: http://www.sasdaniels.co.uk,486906
SCHOFIELD SWEENEY LLP,HO,Church Bank HouseBD1 4DY,01274 306 000,,,,law@schoeys.com, 01274 306 111,: http://www.schofieldsweeney.co.uk,371175
SEMPLE FRASER LLP,BRN,14th FloorM2 3AW,0161 638 8770,,,,operations@sra.org.uk, 0161 638 8771,,520520
SHAKESPEARE PUTSMAN LLP,HO,Somerset HouseB2 5DJ,0121 237 3000,,,,info@sp-legal.co.uk, 0121 237 3011,: http://www.sp-legal.co.uk,442480
SHARPE PRITCHARD,HO,Elizabeth HouseWC1V 6HG,020 7405 4600,,,,bmaclean@sharpepritchard.co.uk, 020 7831 1284,: http://www.sharpepritchard.co.uk,55064
SHARPLES & CO,HO,62 Gloucester RoadBS7 8BH,0117 942 8214,,,,enquiries@sharples-solicitors.com, 0117 942 0498,: http://www.sharples-solicitors.com,55068
SHEARMAN & STERLING (LONDON) LLP,HO,9 Appold StreetEC2A 2AP,020 7655 5000,,,,operations@sra.org.uk, 020 7655 5500,: http://www.shearman.com,211340
SHEPHERD AND WEDDERBURN LLP,BRN,Condor HouseEC4M 8AL,020 7429 4900,,,,guy.harvey@shepwedd.co.uk, 020 7329 5939,: http://www.shepwedd.co.uk,447897
SHERIDAN GOLD LLP,HO,Castle CourtRH2 9RJ,,,,,operations@sra.org.uk,,,523606
SHOOSMITHS,BRN,Apex PlazaRG1 1SH,03700 868800,,,,operations@sra.org.uk, 03700 868801,: http://www.shoosmiths.co.uk,55177
SHOOSMITHS,BRN,7th FloorB3 3SH,08700 864000,,,,operations@sra.org.uk, 08700 864001,,379843
SHOOSMITHS SOLICITORS PERSONAL INJURY DIVISION,BRN,Quantum HouseRG21 4EX,01256 696200,,,,operations@sra.org.uk, 01256 696201,: http://www.shoosmiths.co.uk,311964
SILVER SHEMMINGS LLP,HO,18 Westminster Palace GardensSW1P 1RJ,0845 345 1244,,,,office@shemmingsllp.co.uk, 0845 345 1039,: http://www.silver-shemmings.co.uk,398875
SILVER SHEMMINGS LLP,BRN,Purlieu HouseCM16 4HA,0845 345 1244,,,,epping@shemmingsllp.co.uk, 0845 345 1039,: http://www.silver-shemmings.co.uk,519351
SIMMONS & SIMMONS,HO,CitypointEC2Y 9SS,020 7628 2020,,,,operations@sra.org.uk, 020 7628 2070,: http://www.simmons-simmons.com,55256
SINTONS LLP,HO,The CubeNE4 6DB,0191 226 7878,,,,phil.ridley@sintons.co.uk, 0191 226 7850,: http://www.sintons.co.uk,398301
SIOBHAN GOODACRE LIMITED,HO,Pearl Assurance HouseNG1 6BX,0115 947 6651,,,,mailbox@abg-law.com, 0115947 5244,: http://www.abg-law.com,518218
SJ BERWIN (NOMINEES) LIMITED,HO,10 Queen Street PlaceEC4R 1BE,,,,,info@sjberwin.com,,: http://www.sjberwin.com,79982
SJ BERWIN LLP,HO,10 Queen Street PlaceEC4R 1BE,020 7111 2222,,,,info@sjberwin.com, 020 7111 2000,: http://www.sjberwin.com,421465
SKADDEN ARPS SLATE MEAGHER & FLOM (UK) LLP,HO,40 Bank StreetE14 5DS,+44 (0)20 7519 7000,,,,operations@sra.org.uk, +44 (0)20 7519 7070,: http://www.skadden.com,80014
SLAUGHTER AND MAY,HO,One Bunhill RowEC1Y 8YY,+44 (0) 20 7600 1200,,,,operations@sra.org.uk, +44 (0) 20 7090 5000,: http://www.slaughterandmay.com,55388
SLOAN PLUMB WOOD LLP,HO,Apollo HousePE2 6QR,01733 302410,,,,operations@sra.org.uk, 01733 390552,: http://www.spw-law.co.uk,469338
SLS SOLICITORS LIMITED,HO,5th FloorL1 1RH,0151 707 1019,,,,liverpool@sls-solicitors.com, 0151 709 0154,: http://www.sls-solicitors.com,451154
SLS SOLICITORS LIMITED,BRN,62 Wellington StreetLS1 2EE,0113 388 8080,,,,leeds@sls-solicitors.com, 0113 247 0741,: http://www.sls-solicitors.com,466118
SLS SOLICITORS LIMITED,BRN,6th Floor  Chapter HouseSE1 3JW,0207 234 3520,,,,london@sls-solicitors.com, 0207 234 3521,: http://www.sls-solicitors.com,470219
SLS SOLICITORS LIMITED,BRN,80 Mosley StreetM2 3FX,0161 219 8008,,,,manchester@sls-solicitors.com, 0161 219 8009,: http://www.sls-solicitors.com,521726
SMART LAW SOLICITORS LLP,HO,Wellington HouseCB1 1BH,01223 451 057,,,,contact@smartlawfirm.co.uk, 0870 446 0905,: http://www.smartlawfirm.co.uk,515336
SMITH PARTNERSHIP,BRN,14 York RoadLE1 5TS,0116 247 2000,,,,leicester@smithpartnership.co.uk, 0116 247 2007,: http://www.smithpartnership.co.uk,302171
SMITHFIELD PARTNERS LIMITED,HO,2nd FloorEC4N 5AF,0845 539 1000,,,,solicitors@smithfieldpartners.com, 0207 397 8753,: http://www.smithfieldpartners.com,499315
SOUTHCOMBE & HAYLEY,HO,5 Upper Wimpole StreetW1G 6HQ,020 7935 6631,,,,post@5uws.com, 020 7935 6315,,55626
SOVEREIGN TRUSTEES LIMITED,HO,Sovereign HouseLS1 1HQ,0113 209 2000,,,,operations@sra.org.uk, 0113 209 2060,,344161
SOVEREIGN TRUSTEES LIMITED,BRN,100 Barbirolli SquareM2 3AB,0161 934 6000,,,,operations@sra.org.uk, 0161 934 6060,,344178
SPEARING WAITE,HO,27-41 Friar LaneLE1 5RB,0116 262 4225,,,,info@spearingwaite.co.uk, 0116 251 2009,: http://www.spearingwaite.co.uk,76520
SPEECHLY BIRCHAM LLP,HO,6 New Street SquareEC4A 3LX,+44 (0)20 7427 6400,,,,operations@sra.org.uk, +44 (0)20 7427 6600,: http://www.speechlys.com,447094
SPENSER UNDERHILL NEWMARK LLP,HO,6 Gray's Inn SquareWC1R 5AX,0207 269 9026,,,,operations@sra.org.uk, 0207 242 3032,: http://www.sunlaw.co.uk,450431
SPRECHER GRIER HALBERSTAM LLP,HO,One America SquareEC3N 2SG,0207 264  4444,,,,info@sghlaw.com, 0207 264 4440,: http://www.sghlaw.com,347123
SPRING LAW LIMITED,HO,65 Chandos PlaceWC2N 4HG,2073954870,,,,info@springlaw.co.uk,2073954871,: http://www.springlaw.co.uk,424107
SQUIRE & CO,HO,49 St. John's SquareEC1V 4RF,020 7490 3444,,,,squire@squireandco.com, 020 7250 4087,,55698
ST ANN'S PENSION TRUSTEES LIMITED,HO,112 QuaysideNE99 1SB,0191 279 9000,,,,law@dickinson-dees.com, 0191 279 9100,: http://www.dickinson-dees.com,371391
STAMP JACKSON & PROCTER NOMINEES LIMITED,HO,5 Parliament StreetHU1 2AZ,01482 324591,,,,operations@sra.org.uk, 01482 224048,,268545
STAMP JACKSON AND PROCTER,HO,5 Parliament StreetHU1 2AZ,01482 324591,,,,jgt@sjplaw.co.uk, 01482 224048,: http://www.sjplaw.co.uk,55715
STANDISH ASSOCIATES,HO,198 Cheltenham RoadBS6 5QZ,0117 924 9204,,,,alexhs@standish-associates.com, 0117 924 9205,,370674
STEELE RAYMOND LLP,HO,Richmond PointBH2 6LR,01202 294566,,,,mail@steeleraymond.co.uk, 01202 552285,: http://www.steeleraymond.co.uk,419728
STEELES (LAW) LLP,HO,3 Norwich Business ParkNR4 6DJ,01603 598000,,,,operations@sra.org.uk, 01603 598111,: http://www.steeleslaw.co.uk,388191
STEELES (LAW) LLP,BRN,2 Mount StreetIP22 4QE,01379 652141,,,,operations@sra.org.uk,,,388193
STEELES (LAW) LLP,BRN,21a John StreetWC1N 2BF,020 7421 1720,,,,operations@sra.org.uk, 020 7421 1749,,388194
STEPHENSON HARWOOD,HO,1 St. Paul's ChurchyardEC4M 8SH,020 7329 4422,,,,victoria.johnston@shlegal.com, 020 7329 7100,: http://www.shlegal.com,55865
STEPHENSONS SOLICITORS LLP,HO,24-34 Lord StreetWN7 1AB,01942 777777,,,,aeh@stephensons.co.uk, 01942 774545,: http://www.stephensons.co.uk,449153
STEPHENSONS SOLICITORS LLP,BRN,26 Union StreetWN7 1AT,01942 777777,,,,operations@sra.org.uk, 01942 774215,: http://www.stephensons.co.uk,449154
STEPHENSONS SOLICITORS LLP,BRN,13 Silverwell StreetBL1 1PP,01942 777777,,,,operations@sra.org.uk, 01204 389814,: http://www.stephensons.co.uk,449155
STEPHENSONS SOLICITORS LLP,BRN,City WharfM3 5ER,01942 777777,,,,operations@sra.org.uk, 0161 832 8912,: http://www.stephensons.co.uk,449156
STEPHENSONS SOLICITORS LLP,BRN,95-101 Corporation StreetWA10 1SX,01942 777777,,,,operations@sra.org.uk, 01744 451381,: http://www.stephensons.co.uk,449157
STEPHENSONS SOLICITORS LLP,BRN,10-14 Library StreetWN1 1NN,01942 777777,,,,operations@sra.org.uk, 01942 821262,: http://www.stephensons.co.uk,449158
STEPHENSONS SOLICITORS LLP,BRN,Wigan Investment CentreWN3 5BA,01942 777777,,,,operations@sra.org.uk, 01942 774178,: http://www.stephensons.co.uk,449159
STEPTOE & JOHNSON,HO,99 Gresham StreetEC2V 7NG,0207 367 8000,,,,operations@sra.org.uk, 0207 367 8001,: http://www.steptoe.com,343404
STEVENS & BOLTON LLP,HO,The BillingsGU1 4YD,01483 302264,,,,mail@stevens-bolton.co.uk, 01483 302254,: http://www.stevens-bolton.co.uk,401245
STIRLING LAW LIMITED,HO,GREENGATE BUSINESS CENTREOL4 1FN,0161 624 5777,,,,operations@sra.org.uk, 0161 624 5888,: http://www.stirling-law.co.uk,519895
STOCKINGER,HO,49 Queen Victoria StreetEC4N 4SA,020 7833 0448,,,,stockinger@attglobal.net, 020 7833 0448,,322148
STONE KING SEWELL LLP,HO,13 Queen SquareBA1 2HJ,01225 337599,,,,operations@sra.org.uk, 01225 335437,: http://www.skslaw.co.uk,427864
STONE KING SEWELL LLP,BRN,16 St. John's LaneEC1M 4BS,0207 796 1007,,,,operations@sra.org.uk, 0207 796 1017,: http://www.stoneking.co.uk,427866
STONE KING SEWELL LLP,BRN,Wellington HouseCB1 1BH,01223 451070,,,,operations@sra.org.uk, 01223 451100,: http://www.stoneking.co.uk,466002
STONE KING SEWELL LLP,BRN,7 Dollar StreetGL7 2AS,01285 650000,,,,operations@sra.org.uk, 01285 649898,,489814
SULLIVANS SOLICITORS LIMITED,HO,Suite 6EN6 5AS,01707 608080,,,,gerrys@sullivansllp.com, 01707 608090,: http://www.sullivansllp.com,445840
SULLIVANS SOLICITORS LLP,HO,Suite 6EN6 5AS,01707 608080,,,,operations@sra.org.uk, 01707 608090,: http://www.sullivansllp.com,446004
SUSAN HEADS & COMPANY,HO,1a Bromley LaneBR7 6LH,020 8467 5544,,,,susanheads@law-chislehurst.co.uk, 020 8467 7799,,191503
SWABEY & CO,HO,Riverbank HouseSW6 3JD,020 7731 7777,,,,swabey.co@btconnect.com, 020 7731 7770,: http://www.swabeylaw.co.uk,386918
SWL DISPUTE RESOLUTION,HO,Aston CourtHP11 1LA,01494 616007,,,,jacqui@swl-legal.co.uk, 01494 616189,: http://www.swl-legal.co.uk,446997
T & H SECRETARIAL SERVICES LIMITED,HO,Sceptre CourtEC3N 4DX,020 7423 8000,,,,operations@sra.org.uk,,,385810
T G BAYNES SOLICITORS,HO,Broadway HouseDA6 7BG,0208 301 7777,,,,isabels@tgbaynes.com, 0208 301 7701,: http://www.tgbaynes.com,46768
T G BAYNES SOLICITORS,BRN,Downe HouseBR6 0NJ,01689 886 000,,,,isabels@tgbaynes.com, 01689 886 001,: http://www.tgbaynes.com,46770
T G BAYNES SOLICITORS,BRN,Baynes HouseDA1 1DB,01322 295555,,,,isabels@tgbaynes.com, 01322 295501,: http://www.tgbaynes.com,364843
T I SHAWDON & CO,HO,17 Holtwood RoadKT22 0QL,01372 802 873,,,,tis@tislaw.co.uk, 01372 200037,,465944
TAHIR SOLICITORS,HO,Feroz HouseM8 0PF,0161 740 2333,,,,mtrafiq@tahirsolicitors.com, 0161 740 2444,: http://www.tahirsolicitors.com,325899
TAYLOR VINTERS,HO,Merlin PlaceCB4 0DP,01223 423444,,,,info@taylorvinters.com, 01223 423 486,: http://www.taylorvinters.com,67782
TAYLOR WALTON LLP,HO,28-44 Alma StreetLU1 2PL,01582 731161,,,,luton@taylorwalton.co.uk, 01582 457900,: http://www.taylorwalton.co.uk,465571
TAYLOR WALTON LLP,BRN,T W HouseAL5 4SP,01582 765111,,,,harpenden@taylorwalton.co.uk, 01582 769089,: http://www.taylorwalton.co.uk,465611
TAYLOR WALTON LLP,BRN,10 Bricket RoadAL1 3JA,01727 845245,,,,stalbans@taylorwalton.co.uk, 01727 464970,: http://www.taylorwalton.co.uk,465615
TAYLOR WESSING LLP,HO,5 New Street SquareEC4A 3TW,020 7300 7000,,,,london@taylorwessing.com, 020 7300 7100,: http://www.taylorwessing.com,463016
TAYLOR WESSING LLP,BRN,24 Hills RoadCB2 1JP,01223 446400,,,,operations@sra.org.uk, 01223 446 401,: http://www.taylorwessing.com,463017
TEACHER STERN LLP,HO,37-41 Bedford RowWC1R 4JH,0207 242 3191,,,,contact@teacherstern.com,2071978010,: http://www.teacherstern.com,482952
TETLOW POWELL,HO,Well HouseTQ12 3GX,(0)7710 620 437,,,,gai@gaitetlow.co.uk,,,77681
THE BYRNE PRACTICE,HO,10 South ParadeDN10 6JH,01302 711 211,,,,rabyrne@tbplaw.co.uk, 01302 711 608,: http://www.tbplaw.co.uk,401879
THE CONNEXION PARTNERSHIP,HO,Alberton HouseM3 2WJ,08701 601160,,,,info@cxp.com, 08701 975377,: http://www.cxp-law.com,345514
THE CONNEXION PARTNERSHIP,BRN,63 Temple RowB2 5LS,0121 633 6606,,,,operations@sra.org.uk, 0121 633 6617,,345517
THE ENDEAVOUR PARTNERSHIP LLP,HO,WestminsterTS17 6QP,01642 610300,,,,enquiries@endeavourpartnership.com, 01642 610348,: http://www.endeavourpartnership.com,366441
THE NEEDLE PARTNERSHIP LLP,HO,Suite 1ELS7 4JJ,+44 (0) 8445 611484,,,,sharon.needle@needlepartners.com, +44 (0) 1132 626060,: http://www.needlepartners.com,469772
THE STOKES PARTNERSHIP,HO,Kingfisher HouseTA18 7LH,01460 279 279,,,,info@law-solutions.co.uk,1460279289,: http://www.law-solutions.co.uk,281776
THEA LIMITED,HO,34 Farrow LaneSE14 5DB,0207 277 8649,,,,peter@thea.ltd.uk, 0207 277 8649,: http://www.thea.ltd.uk,463029
THEA LIMITED,BRN,218 StrandWC2R 1AT,07704 645368,,,,peter@thea.ltd.uk, 020 7583 9521,: http://www.thea.ltd.uk,520934
THOMAS COOPER,HO,Ibex HouseEC3N 1HA,020 7481 8851,,,,info@thomascooperlaw.com, 020 7480 6097,: http://www.thomascooperlaw.com,45471
THOMAS EGGAR LLP,HO,The Corn ExchangePO19 1GE,01243 786111,,,,tony.edwards@thomaseggar.com, 01243 775640,: http://www.thomaseggar.com,463287
THOMAS EGGAR LLP,BRN,Belmont HouseRH10 1JA,01293 742700,,,,tony.edwards@thomaseggar.com, 01293 742999,: http://www.thomaseggar.com,463288
THOMAS EGGAR LLP,BRN,76 Shoe LaneEC4A 3JB,020 7842 0000,,,,tony.edwards@thomaseggar.com, 020 7842 3900,: http://www.thomaseggar.com,463290
THOMAS EGGAR LLP,BRN,Arundel HouseBN11 1SL,01903 234411,,,,tony.edwards@thomaseggar.com, 01903 207566,: http://www.thomaseggar.com,463291
THOMAS EGGAR LLP,BRN,Newbury HouseRG14 5XR,01635 571000,,,,tony.edwards@thomaseggar.com, 01635 523444,: http://www.thomaseggar.com,471872
THOMAS EGGAR LLP,BRN,Brunel HouseSO15 2AQ,02380 831100,,,,operations@sra.org.uk, 02380 831185,: http://www.thomaseggar.com,493954
THOMPSONS,BRN,Queens KeepSO15 2NP,023 8021 2040,,,,operations@sra.org.uk, 023 8063 3691,,422596
THOMSON SNELL & PASSMORE,HO,3 Lonsdale GardensTN1 1NX,01892 510000,,,,rboorman@ts-p.co.uk, 01892 54 9884,: http://www.ts-p.co.uk,56451
THOMSON SNELL & PASSMORE,BRN,The Old RectoryDA9 9AS,01322 623700,,,,operations@sra.org.uk, 01322 623701,,421273
THRING TOWNSEND LEE & PEMBERTONS,HO,6 Drakes MeadowSN3 3LL,01793 410800,,,,solicitors@ttuk.com, 01793 539040,: http://www.ttuk.com,330638
THRING TOWNSEND LEE & PEMBERTONS,BRN,Midland Bridge RoadBA1 2HQ,01225 340000,,,,operations@sra.org.uk, 01225 319 735,,362661
THRING TOWNSEND LEE & PEMBERTONS,BRN,The ParagonBS1 6BX,1179309500,,,,solicitors@ttuk.com,1179293369,: http://www.ttuk.com,427400
THRING TOWNSEND LEE & PEMBERTONS,BRN,Kinnaird HouseSW1Y 5AU,0207 766 5600,,,,operations@sra.org.uk, 020 7766 5675,: http://www.ttuk.com,468263
TIM JOHNSON/LAW,HO,4 BroadgateEC2M 2QY,02078 562 590,,,,oksana@timjohnson-law.com, 020 7965 4503,: http://www.timjohnson-law.com,510616
TIM SISSON LIMITED,HO,Pearl Assurance HouseNG1 6BX,0115 947 6651,,,,mailbox@abg-law.com, 0115 947 5244,: http://www.abg-law.com,518214
TLT LLP,HO,1 Redcliff StreetBS1 6TP,0117 917 7777,,,,generalenquiries@TLTsolicitors.com, +44 (0)117 917 7778,: http://www.tltsolicitors.com,406297
TLT LLP,BRN,6th FloorSE1 9LH,020 7620 1311,,,,operations@sra.org.uk, 020 7620 0860,: http://www.tltsolicitors.com,420844
TLT LLP,BRN,101 Victoria StreetBS1 6PU,,,,,operations@sra.org.uk,,,494808
TOLLERS LLP,HO,Castilian ChambersNN1 1JX,01604 258558,,,,enquiries@tollers.co.uk, 01604 258500,: http://www.tollers.co.uk,472589
TOLLERS LLP,BRN,2 Exchange CourtNN17 1TY,01536 276727,,,,enquiries@tollers.co.uk, 01536 276700,: http://www.tollers.co.uk,472631
TOLLERS LLP,BRN,Medina HouseMK9 2AE,01908 396230,,,,enquiries@tollers.co.uk, 01908 237794,: http://www.tollers.co.uk,472633
TOLLERS LLP,BRN,28 Silver StreetNN8 1AY,0845 054 3737,,,,enquiries@tollers.co.uk, 01933 273673,: http://www.tollers.co.uk,472634
TOLLERS NOMINEES LIMITED,HO,2 Exchange CourtNN17 1TY,01536 315615,,,,bcr@tollers.co.uk, 01536 315600,: http://www.tollers.co.uk,78902
TONKIN & CO,HO,32 Gledhow Wood GroveLS8 1NZ,0113 269 2058,,,,tonkinandco@btconnect.com, 0113 269 2058,,291724
TPP LAW LIMITED,HO,53 Great Suffolk StreetSE1 0DB,+44 (0)20 7620 0888,,,,info@tpplaw.co.uk, 44 (0)20 7620 0778,: http://www.tpplaw.com,345540
TPP LAW LIMITED,BRN,Regent HouseSK4 1BS,0161 480 1616,,,,manchester@tpplaw.co.uk,,,523237
TRAVERS SMITH LLP,HO,10 Snow HillEC1A 2AL,0207 295 3000,,,,travers.smith@traverssmith.com, 0207 295 3500,: http://www.traverssmith.com,489478
TRINITY INTERNATIONAL LLP,HO,Hillgate HouseEC4M 7HQ,2076539700,,,,operations@sra.org.uk,2079003945,: http://www.trinityllp.com,428762
TROWERS & HAMLINS INTERNATIONAL LIMITED,HO,Sceptre CourtEC3N 4DX,020 7423 8000,,,,operations@sra.org.uk, 020 7423 8001,,494329
TROWERS & HAMLINS LLP,HO,Sceptre CourtEC3N 4DX,0207 423 8000,,,,enquiries@trowers.com, 0207 423 8001,: http://www.trowers.com,494314
TROWERS & HAMLINS LLP,BRN,Heron HouseM2 5HD,0161 211 0000,,,,operations@sra.org.uk, 0161 211 0001,,495185
TROWERS & HAMLINS LLP,BRN,Senate CourtEX1 1UG,+44(0) 1392 217 466,,,,operations@sra.org.uk, +44(0) 1392 221 047,: http://www.trowers.com,495186
TROWERS & HAMLINS NOMINEES,HO,Sceptre CourtEC3N 4DX,,,,,operations@sra.org.uk, 020 7269 1234,,78490
TRUSTEE SOLUTIONS LIMITED,HO,1 Park RowLS1 5AB,0113 244 5000,,,,operations@sra.org.uk, 0113 244 8000,: http://www.pinsentmasons.com,76341
TURNBULL GARRARD,HO,24 The CrescentSY1 1TJ,01743 350851,,,,solicitors@turnbullgarrard.co.uk, 01743 351844,: http://www.turnbullgarrard.co.uk,52340
TURNERS SOLICITORS LLP,HO,1 Poole RoadBH2 5QQ,01202 291 291,,,,m.shutler@turners-solicitors.co.uk, 01202 553606,: http://www.turners-solicitors.co.uk,399122
TWM SOLICITORS LLP,HO,The TunsgateGU1 3HH,01483 565771,,,,operations@sra.org.uk, 01483 300168,: http://www.twmsolicitors.com,385883
TWM SOLICITORS LLP,BRN,16-18 Quarry StreetGU1 3UF,01483 306325,,,,operations@sra.org.uk, 01483 306327,: http://www.twmsolicitors.com,385885
TWM SOLICITORS LLP,BRN,Sweech HouseKT22 7HF,01372 374148,,,,operations@sra.org.uk, 01372 360628,,385887
TWM SOLICITORS LLP,BRN,Broadoak HouseGU6 8DJ,01483 273515,,,,operations@sra.org.uk, 01483 278075,: http://www.twmsolicitors.com,385888
TWM SOLICITORS LLP,BRN,123 High StreetKT19 8AU,01372 729 555,,,,operations@sra.org.uk, 01372 742101,: http://www.twmsolicitors.com,385889
TWM SOLICITORS LLP,BRN,7 & 9 Queens RoadSW19 8NG,020 8946 6454,,,,operations@sra.org.uk, 020 8947 7134,: http://www.twmsolicitors.com,385890
TWM SOLICITORS LLP,BRN,40 West StreetRH2 9BT,01737 221212,,,,operations@sra.org.uk, 01737 240120,: http://twmsolicitors.com,385921
TYNDALLWOODS,HO,12th FloorB4 7LN,0121 624 1111,,,,operations@sra.org.uk, 0121 624 8401,: http://www.tyndallwoods.co.uk,78525
UNDERWOOD SOLICITORS LLP,HO,40 Welbeck StreetW1G 8LN,0207 526 6000,,,,enquiries@underwoodco.com, 0207 526 6001,: http://www.underwoodco.com,401234
VEALE WASBROUGH EXECUTOR AND TRUSTEE COMPANY,HO,Orchard CourtBS1 5WS,0117 925 2020,,,,operations@sra.org.uk, 0117 925 2025,,79926
VEALE WASBROUGH VIZARDS,HO,Orchard CourtBS1 5WS,0117 925 2020,,,,central@vwl.co.uk, 0117 925 2025,: http://www.vwl.co.uk,68837
VEALE WASBROUGH VIZARDS,BRN,Barnards InnEC4A 1AD,0207 405 1234,,,,central@vwl.co.uk, 0207 405 4171,: http://www.vwl.co.uk,522365
VINSON & ELKINS R.L.L.P.,HO,City PointEC2Y 9UE,0207 065 6000,,,,operations@sra.org.uk, 0207 065 6001,: http://www.velaw.com,79019
VIRTUAL LAWYERS LIMITED,HO,Hyde Park HouseSW15 2RS,2088230776,,,,info@virtuallaw.eu,2088230777,: http://www.virtuallaw.eu,462361
VIZARDS WYETH,HO,Riverbridge HouseDA2 6SL,020 7400 9999,,,,operations@sra.org.uk, 020 7400 9990,: http://www.vizardswyeth.com,353327
VIZARDS WYETH,BRN,Asia HouseEC3M 7HT,020 7400 9999,,,,operations@sra.org.uk, 020 7626 7788,,353328
VMD SOLICITORS,HO,Unit 4 & 5IG1 2LZ,0208 514 8703,,,,info@vmdsolicitors.co.uk, 0208 514 8703,,514844
W H MATTHEWS & CO,HO,109 Old StreetEC1V 9JR,020 7251 4942,,,,city@whmatthews.com, 020 7608 1371,: http://www.whmatthews.com,52928
W H MATTHEWS & CO,BRN,19 Penrhyn RoadKT1 2BZ,020 8549 0264,,,,kingston@whmatthews.com, 020 8549 8499,,52929
W H MATTHEWS & CO,BRN,31 Church StreetTW18 4EN,01784 453154,,,,staines@whmatthews.com, 01784 460537,,52930
W H MATTHEWS & CO,BRN,11-13 Grove RoadSM1 1DS,020 8642 6677,,,,sutton@whmatthews.com, 020 8643 3428,,52931
W. DAVIES,HO,Acorn HouseGU21 5AB,01483 744 900,,,,wds@wdavies.com, 01483 744901,: http://www.wdavies.com,49676
WAKE SMITH & TOFIELDS,HO,68 Clarkehouse RoadS10 2LJ,0114 266 6660,,,,legal@wake-smith.com, 0114 267 1253,: http://www.wake-smith.com,57054
WAKE SMITH & TOFIELDS,BRN,55 Old Broad StreetEC2M 1RX,0207 997 6009,,,,legal@wakesmith.com, 0207 997 6190,: http://www.wake-smith.com,488358
WAKE SMITH AND TOFIELDS,BRN,6 Campo LaneS1 2EF,0114 266 6660,,,,legal@wake-smith.com, 0114 273 1956,: http://www.wake-smith.com,57058
WAKE SMITH AND TOFIELDS,BRN,14 Figtree LaneS1 2DJ,0114 266 6660,,,,legal@wake-smith.com, 0114 273 1956,: http://www.wake-smith.com,468220
WALKER MORRIS,HO,Kings CourtLS1 2HL,0113 283 2500,,,,dxj@walkermorris.co.uk, 0113 245 9412,: http://www.walkermorris.co.uk,68432
WALKER MORRIS PENSION TRUSTEES LIMITED,HO,Kings CourtLS1 2HL,0113 283 2500,,,,operations@sra.org.uk, 0113 245 9412,,422316
WALKER MORRIS TRUSTEES LIMITED,HO,Kings CourtLS1 2HL,,,,,operations@sra.org.uk,,,189446
WALKER SMITH WAY,HO,26 Nicholas StreetCH1 2PQ,01244 357400,,,,operations@sra.org.uk, 01244 357444,: http://www.walkersmithway.com,57113
WARD HADAWAY,HO,Sandgate HouseNE1 3DX,0191 204 4000,,,,enquiries@wardhadaway.com, 0191 204 4001,: http://www.wardhadaway.com,204387
WARD HADAWAY,BRN,1a Tower SquareLS1 4DL,0113 205 6600,,,,enquiries@wardhadaway.com, 0113 205 6700,: http://www.wardhadaway.com,494985
WATSON BURTON LLP,HO,1 St. James' GateNE99 1YQ,0191 244 4444,,,,enquiries@watsonburton.com, 0191 244 4500,: http://www.watsonburton.com,401287
WATSON BURTON LLP,BRN,1 City SquareLS1 2ES,0113 235 5455,,,,enquiries@watsonburton.com, 0113 235 5450,: http://www.watsonburton.com,420341
WATSON BURTON LLP,BRN,Floor 29EC3A 8BF,020 7337 8300,,,,enquiries@watsonburton.com, 020 7337 8350,: http://www.watsonburton.com,444400
WATSON FARLEY & WILLIAMS LLP,HO,15 Appold StreetEC2A 2HB,020 7814 8000,,,,operations@sra.org.uk, 020 7814 8141,: http://www.wfw.com,420646
WEDLAKE BELL,HO,52 Bedford RowWC1R 4LR,020 7395 3000,,,,legal@wedlakebell.com, 020 7395 3100,: http://www.wedlakebell.com,57446
WEIGHTMANS LLP,HO,India BuildingsL2 0GA,0151 227 2601,,,,james.holman@weightmans.com, 0151 227 3223,: http://www.weightmans.com,463329
WEIGHTMANS LLP,BRN,First FloorB2 5EF,0121 632 6100,,,,james.holman@weightmans.com, 0121 632 5410,: http://www.weightmans.com,463330
WEIGHTMANS LLP,BRN,First FloorLE1 6LP,0116 253 9747,,,,james.holman@weightmans.com, 0116 253 6101,: http://www.weightmans.com,463331
WEIGHTMANS LLP,BRN,Second FloorEC4A 3BF,0207 822 1900,,,,james.holman@weightmans.com, 0207 822 1901,: http://www.weightmans.com,463332
WEIGHTMANS LLP,BRN,3 Picadilly PlaceM1 3BN,0161 233 7330,,,,james.holman@weightmans.com, 0161 233 7331,: http://www.weightmans.com,463333
WENDY SHAW LIMITED,HO,C/O Ashton Bond Gigg SolicitorNG1 6BX,,,,,wshaw@hmtlegal.com,,,364248
WHITE & CASE (EUROPE) LLP,HO,5 Old Broad StreetEC2N 1DW,0207 532 1000,,,,operations@sra.org.uk, 0207 532 1001,: http://WWW.WHITECASE.COM,437117
WHITE & CASE (INTERNATIONAL) LLP,HO,5 Old Broad StreetEC2N 1DW,020 7532 1000,,,,operations@sra.org.uk, 020 7532 1001,: http://www.whitecase.com,472817
WHITE & CASE LLP,HO,5 Old Broad StreetEC2N 1DW,020 7532 1000,,,,operations@sra.org.uk, 020 7532 1001,: http://www.whitecase.com,449150
WHITE & CASE WEST LLP,BRN,5 Old Broad StreetEC2N 1DW,0207 532 1000,,,,operations@sra.org.uk, 0207 532 1001,: http://www.whitecase.com,522386
WHITFIELD HALLAM GOODALL,HO,23-25 Henrietta StreetWF17 5DN,01924 444555,,,,info@whg.co.uk, 01924 469299,: http://www.whg.co.uk,49949
WHITFIELD HALLAM GOODALL,BRN,27 Union StreetWF13 1AY,01924 455391,,,,WHITFIELD@WHG.CO.UK, 01924 469299,: http://www.whg.co.uk,49950
WHITFIELD HALLAM GOODALL,BRN,7 King StreetWF14 8AW,01924 499251,,,,WHITFIELD@WHG.CO.UK, 01924 499324,: http://www.whg.co.uk,49951
WIGGIN LLP,HO,95 PromenadeGL50 1WG,01242 224114,,,,law@wiggin.co.uk, 01242 224223,: http://www.wiggin.co.uk,420659
WIKBORG REIN LLP,HO,1 Knightrider CourtEC4V 5BJ,0207 236 4598,,,,london@wr.no, 0207 236 4599,: http://www.wr.no,523029
WILKINS BEAUMONT SUCKLING LIMITED,HO,150 MinoriesEC3N 1LS,020 7264 2226,,,,operations@sra.org.uk, 020 7264 2227,: http://www.wilkinsbeaumontsuckling.co.uk,484829
WILLANS LLP,HO,28 Imperial SquareGL50 1RH,01242 514000,,,,mary@willans.co.uk, 01242 519079,: http://www.willans.co.uk,488471
WILLIAM STURGES & CO,HO,Burwood HouseSW1H 0QY,020 7873 1000,,,,law@williamsturges.co.uk, 020 7873 1010,: http://www.williamsturges.co.uk,61447
WILLIAMS HOLDEN COOKLIN GIBBONS LLP,HO,6th FloorEC3M 7AW,020 7743 7260,,,,mail@whcglaw.com, 020 7743 7261,: http://www.whcglaw.com,424175
WILLSONS SOLICITORS,HO,4 Coventry StreetCV11 5SZ,024 7638 7821,,,,info@willsons-solicitors.co.uk, 024 7664 1376,: http://www.willsons-solicitors.co.uk,70184
WILMER CUTLER PICKERING  HALE AND DORR LLP,BRN,4 Carlton GardensSW1Y 5AA,020 7872 1000,,,,operations@sra.org.uk, 020 7839 3537,: http://www.wilmerhale.com,402261
WILSON DAVIES & CO,HO,FaircoatesCM17 0AP,01279 439 184,,,,info@wilsondavies.co.uk, 01279 426 255,: http://www.wilsondavies.co.uk,525063
WINCHESTER LEGAL LTD,HO,The Cavendish CentreSO23 0LB,01962 841041,,,,ian@winchesterlegal.co.uk,1962864852,: http://www.winchesterlegal.co.uk,463294
WINCKWORTH & PEMBERTON  NOMINEES LIMITED,HO,Minerva HouseSE1 9BB,0207 593 5019,,,,operations@sra.org.uk, 0207 593 0319,,176335
WINCKWORTH SHERWOOD LLP,HO,Minerva HouseSE1 9BB,0207 593 5000,,,,tvesey@wslaw.co.uk, 0207 593 5099,: http://www.wslaw.co.uk,484799
WINCKWORTH SHERWOOD LLP,BRN,16 Beaumont StreetOX1 2LZ,0207 593 5000,,,,operations@sra.org.uk, 01865 726274,: http://www.wslaw.co.uk,484807
WINCKWORTH SHERWOOD LLP,BRN,53a New StreetCM1 1NE,01245 262212,,,,operations@sra.org.uk, 01245 252 502,: http://www.wslaw.co.uk,484819
WINTER SCOTT SOLICITORS,HO,St. Olaves HouseEC2V 8EY,020 7367 8989,,,,firstinitialsurname@winterscott.co.uk, 020 7726 2371,: http://www.winterscott.co.uk,390264
WINTERS LEGAL LLP,HO,3 Sheep MarketPE27 5AJ,01480 377 377,,,,sj.featherstone@winterslegal.co.uk, 01480 377 379,: http://www.winterslegal.co.uk,512096
WINWARDS,HO,1 Whaddon HallMK17 0NA,01908 502 559,,,,winwards828@fsmail.net, 01908 520 433,,387027
WITHERS LLP,HO,16 Old BaileyEC4M 7EG,020 7597 6000,,,,julie.culham@withersworld.com, 0207 597 6543,: http://www.withersworldwide.com,352314
WITHY KING,HO,5-6 Northumberland BuildingsBA1 2JE,01225 425731,,,,lucy.hughes@withyking.co.uk, 01225 315562,: http://www.withyking.co.uk,59889
WITHY KING,BRN,Bryer Ash Business ParkBA14 8AW,01225 777464,,,,mail@withyking.co.uk, 01225 405115,: http://www.withyking.co.uk,272172
WITHY KING,BRN,James Street WestBA1 2BT,01225 425731,,,,mail@withking.co.uk, 01225 315562,: http://www.withyking.co.uk,353609
WITHY KING,BRN,4-6 Newport StreetSN1 3DX,01793 536526,,,,enquiries@withyking.co.uk, 01793 618140,: http://www.withyking.co.uk,365646
WITHY KING,BRN,Ailesbury CourtSN8 1AA,01672 514871,,,,enquiries@withyking.co.uk, 01672 515049,: http://www.withyking.co.uk,365647
WITHY KING (INCORPORATING MARSHALL & GALPIN),BRN,7 ButtermarketOX9 3EW,,,,,operations@sra.org.uk,,,495796
WITHY KING (INCORPORATING MARSHALL AND GALPIN),BRN,33 West St. Helen StreetOX14 5DY,01235 555345,,,,mail@withyking.co.uk, 01235 553489,: http://www.withyking.co.uk,493357
WITHY KING (INCORPORATING MARSHALL AND GALPIN),BRN,North Bailey HouseOX1 2EA,01865 792300,,,,enquiries@withyking.co.uk, 01865 793616,: http://www.withyking.co.uk,493358
WOLLASTONS LLP,HO,Brierly PlaceCM2 0AP,01245 211211,,,,operations@sra.org.uk, 01245 354764,: http://www.wollastons.co.uk,425062
WRAGGE & CO LLP,HO,55 Colmore RowB3 2AS,0121 233 1000,,,,mail@wragge.com, 0121 214 1099,: http://www.wragge.com,382961
WRAGGE & CO LLP,BRN,3 Waterhouse SquareEC1N 2SW,0870 903 1000,,,,mail@wragge.com, 0870 904 1099,: http://www.wragge.com,382962
WRIGHT HASSALL LLP,HO,Olympus HouseCV34 6BF,01926 886688,,,,email@wrighthassall.co.uk, 01926 885588,: http://www.wrighthassall.co.uk,427848
