ACUMEN BUSINESS LAW LIMITED,HO,Audley HouseBN3 2DE,08458 678 978,penina.shepherd@acumenbusinesslaw.co.uk, 08717 142 698,: http://www.acumenbusinesslaw.co.uk,486654
ADDLESHAW GODDARD LLP,HO,Milton GateEC1Y 4AG,020 7606 8855,operations@sra.org.uk, 020 7606 4390,: http://www.addleshawgoddard.com,440721
ADDLESHAW GODDARD LLP,BRN,100 Barbirolli SquareM2 3AB,0161 934 6000,operations@sra.org.uk, 0161 934 6060,,440725
ADDLESHAW GODDARD LLP,BRN,Sovereign HouseLS1 1HQ,0113 209 2000,operations@sra.org.uk, 0113 209 2060,,440726
ADDLESHAW GODDARD LLP,BRN,40 Lime StreetEC3M 7AW,0207 606 8855,operations@sra.org.uk, 020 7606 4390,,496593
ADLEX SOLICITORS,HO,76a Belsize LaneNW3 5BJ,020 7317 8404,adamt@adlexsolicitors.co.uk, 020 7317 8405,: http://www.adlexsolicitors.co.uk,344672
AEQUITAS LAW LIMITED LIABILITY PARTNERSHIP,HO,Flat 4W1K 3ND,0207 495 2776,operations@sra.org.uk, 0207 495 1005,,353041
AGAPE SOLICITORS,HO,1st FloorHA8 0BB,020 8952  9694,agapesolicitors@aol.com, 020 8951 5565,,364300
AHMUD & CO SOLICITORS,HO,137-139 Brent StreetNW4 4DJ,020 8886 1111,operations@sra.org.uk, 020 8886 2244,: http://www.ja-solicitors.com,407654
ALBION GEE & COMPANY,HO,12 Chiswick LaneW4 2JE,020 8742 7600,operations@sra.org.uk, 020 8742 7666,,46001
ALLEN & OVERY LLP,HO,One Bishops SquareE1 6AD,0203 088 0000,operations@sra.org.uk, 0203 088 0088,,401323
ALLEN & OVERY LLP,BRN,40 Bank StreetE14 5DU,020 3088 0000,operations@sra.org.uk, 020 3088 0088,,402513
ALLENS,HO,15 Landport TerracePO1 2QS,023 9282 2411,allens@allens-law.co.uk, 023 9229 3773,: http://www.allens-law.co.uk,46075
ALSTERS KELLEY,HO,Hamilton HouseCV32 4LY,0844 561 0100,enquiries@alsterskelley.com, 0844 561 0299,: http://www.alsterskelley.com,70372
ALSTERS KELLEY,BRN,3 Dugdale StreetCV11 5QJ,0844 561 0100,enquiries@alsterskelley.com, 0844 561 0399,: http://www.alsterskelley.com,345741
ALSTERS KELLEY,BRN,1 Manor TerraceCV1 2NU,0844 561 0100,enquiries@alsterskelley.com, 0844 561 0199,: http://www.alsterskelley.com,384860
AMANDA DOYLE LAW SERVICES LIMITED,HO,12 Knole ParkBS32 4BS,,amanda@doylelaw.co.uk,,,523773
ANDERSON & COMPANY,HO,76 Wallingford RoadOX10 7EU,01865 858 878,enquiries@andersonsolicitors.com, 01865 858 900,: http://www.andersonsolicitors.com,78909
ANDREW MILLETT SOLICITOR,HO,24 Courthope RoadNW3 2LB,+44 (0) 207 691 4327,andrew@amillett.co.uk, +44 (0) 207 691 4328,,418551
ANDREWS LAW LIMITED,HO,Suite 7WV15 5BA,01746 769 700,rob@andrewslaw.co.uk,  01746 769 690,: http://www.andrewslaw.co.uk,517710
ANGEL & CO,HO,1 Green StreetW1K 6RG,020 7495 0555,mail@legalangel-uk.com, 020 7495 7550,: http://www.legalangel-uk.com,77111
ANTHONY COLLINS SOLICITORS LLP,HO,134 Edmund StreetB3 2ES,0121 200 3242,operations@sra.org.uk, 0121 212 7442,: http://www.anthonycollins.com,424137
ANTHONY JAYES LLP,HO,Universal HouseW1T 7JY,0207 291 9110,operations@sra.org.uk, 0207 291 9120,,499528
ANTINGHAMS SOLICITORS,HO,HollywellSL6 3PH,01628 825 395,mark@antinghams.com, 01628 825 819,: http://www.antinghams.com,443888
ARNOLD & PORTER (UK) LLP,HO,International Financial CentreEC2N 1HQ,020 7786 6100,operations@sra.org.uk, 020 7786 6299,: http://www.arnoldporter.com,259382
ASHFORDS LLP,HO,Ashford HouseEX1 3LH,01392 337 000,info@ashfords.co.uk, 01392 337 001,: http://www.ashfords.co.uk,508761
ASHFORDS LLP,BRN,Gotham HouseEX16 6LT,01884 203000,info@ashfords.co.uk, 01884 203 001,: http://www.ashfords.co.uk,512002
ASHFORDS LLP,BRN,Blackbrook Park AvenueTA1 2PX,01823 284 444,info@ashfords.co.uk, 01823 232 301,: http://www.ashfords.co.uk,512005
ASHFORDS LLP,BRN,Princess CourtPL1 2EX,01752 521500,info@ashfords.co.uk, 01752 526 001,: http://www.ashfords.co.uk,512006
ASHFORDS LLP,BRN,Bull WharfBS1 6QR,0117 321 8000,operations@sra.org.uk, 0117 321 8001,: http://www.ashfords.co.uk,512013
ASHFORDS LLP,BRN,1 Northumberland AvenueWC2N 5BW,0208 938 6323,info@ashfords.co.uk, 0208 938 6995,: http://www.ashfords.co.uk,512014
ASHURST LLP,HO,Broadwalk HouseEC2A 2HA,020 7638 1111,operations@sra.org.uk, 020 7638 1112,: http://www.ashurst.com,468653
ASLAN CHARLES KOUSETTA LLP,HO,Welbeck HouseW1T 3PY,020 3326 2280,s.charles@ackmedialaw.com, 020 7580 9290,: http://www.ackmedialaw.com,489375
ATKINS THOMSON,HO,41 Maiden LaneWC2E 7LJ,020 7836 9300,law@atkinsthomson.com, 020 7836 9400,: http://www.atkinsthomson.com,441436
ATKINS THOMSON,BRN,Low Green Barn  Low GreenIP29 5ND,01284 767766,operations@sra.org.uk, 01284 767800,: http://www.atkinsthomson.com,449893
AZRIGHTS SOLICITORS,HO,81 Essex RoadN1 2SF,020 7700 1414,shireen@ip-brands.com, 0870 622 0367,: http://www.ip-brands.com,399685
B M NYMAN & CO,HO,181 Creighton AvenueN2 9BN,020 8365 3060,bernie.nyman@iname.com, 020 8883 5151,: http://www.bmnyman.co.uk,291697
B P COLLINS,HO,Collins HouseSL9 8EL,01753 889995,enquiries@bpcollins.co.uk, 01753 889851,: http://www.bpcollins.co.uk,45348
B P COLLINS TRUST CORPORATION LIMITED,HO,Collins HouseSL9 8EL,01753 889995,karl.wingfield@bpcollins.co.uk, 01753 889851,,486820
BAKER & MCKENZIE LLP,HO,100 New Bridge StreetEC4V 6JA,020 7919 1000,operations@sra.org.uk, 020 7919 1999,: http://www.bakernet.com,421456
BAKER SANFORD LLP,HO,1 Quality CourtWC2A 1HR,0207 061 6448,operations@sra.org.uk, 0207 900 2786,: http://www.bakersanford.co.uk,517116
BARCLAY TAYLOR SOLICITORS LTD,HO,3rd FloorEC4R 0DR,0845 054 4069,info@barclaytaylor.co.uk, 0845 054 4079,: http://www.barclaytaylor.co.uk,464938
BARK & CO,HO,14 New Bridge StreetEC4V 6AG,020 7353 1990,office@barkco.com, 0207 3531880,: http://www.barkco.com,260885
BARLOW LYDE & GILBERT LLP,HO,Beaufort HouseEC3A 7NJ,020 7247 2277,operations@sra.org.uk, 020 7071 9000,: http://www.blg.co.uk,462715
BARLOW LYDE & GILBERT LLP,BRN,4420 Nash CourtOX4 2RU,01865 336600,operations@sra.org.uk, 01865 336611,: http://www.blg.co.uk,462716
BARLOW LYDE & GILBERT LLP,BRN,Chancery PlaceM2 2JT,0161 829 6400,operations@sra.org.uk, 0161 829 6401,,518957
BARNETT ALEXANDER CONWAY INGRAM LLP,HO,Sovereign HouseN3 1QB,0208 349 7680,info@bacisolicitors.co.uk, 0208 346 8245,: http://www.bacisolicitors.co.uk,488698
BARRATT LEGAL,HO,NorthwoodBR7 5PY,0208 305 9794,rbarratt@barrattlegal.com, 0208 305 9794,: http://www.barrattlegal.com,493289
BARRY SHAW,HO,86 Crown Woods WaySE9 2NN,020 8850 7976,barry.shaw@dsl.pipex.com, 020 8850 7421,,80282
BARTHOLOMEW HARTE SOLICITORS,HO,Berkeley Square HouseW1J 6BD,020 7681 0596,info@bartholomew-harte.com, 020 7183 0506,: http://www.bartholomew-harte.com,519747
BATES WELLS & BRAITHWAITE LONDON LLP,HO,2-6 Cannon StreetEC4M 6YH,020 7551 7777,mail@bwbllp.com, 020 7551 7800,: http://www.bwbllp.com,465497
BE,HO,42 Devonshire PlaceBN2 1QB,0870 0555 775,info@be-legal.com, 0870 421 4756,: http://www.be-legal.com,401394
BEEVERS SOLICITORS,HO,15a-19 Booth StreetOL6 7LD,0161 339 9697,enquiries@beevers-solicitors.co.uk, 0161 343 1718,: http://www.beevers-solicitors.co.uk,77654
BERRYMAN SHACKLOCK LLP,HO,Park HouseNG1 6DN,0845 310 7200,legal@berrymanshacklock.co.uk, 0845 310 7210,: http://www.berrymanshacklock.co.uk,400083
BERRYMANS LACE MAWER LLP,BRN,Salisbury HouseEC2M 5QN,0207 638 2811,info@blm-law.com, 0207 920 0361,: http://www.blm-law.com,510103
BERWIN LEIGHTON PAISNER LLP,HO,Adelaide HouseEC4R 9HA,0207 760 1000,operations@sra.org.uk, 0207 760 1111,: http://www.blplaw.com,426866
BERWIN LEIGHTON PAISNER LLP,BRN,St Magnus HouseEC3R 6HA,0207 760 1000,operations@sra.org.uk, 0207 760 1111,,426875
BESWICKS,HO,LakesideST1 5RY,01782 205 000,operations@sra.org.uk, 01782 285 986,: http://www.beswicks.com,71792
BESWICKS,BRN,27-28 Tower SquareST6 5AB,01782 205000,operations@sra.org.uk, 01782 575389,,71793
BESWICKS,BRN,Alexander HouseST1 3DX,01782 205 000,operations@sra.org.uk, 01782 404665,: http://www.beswicks.com,291388
BEVAN BRITTAN LLP,HO,Kings OrchardBS2 0HQ,0870 194 1000,info@bevanbrittan.com, 0870 194 1001,: http://www.bevanbrittan.com,406315
BEVAN BRITTAN LLP,BRN,Fleet Place HouseEC4M 7RF,0870 194 1000,info@bevanbrittan.com, 0870 194 7800,: http://www.bevanbrittan.com,406346
BEVAN BRITTAN LLP,BRN,Interchange PlaceB3 2TA,0870 194 5000,info@bevanbrittan.com, 0870 194 5001,: http://www.bevanbrittan.com,406347
BINDMANS LLP,HO,275 Gray's Inn RoadWC1X 8QB,0207 833 4433,info@bindmans.com, 0207 837 9792,: http://www.bindmans.com,484856
BIRCHAM DYSON BELL LLP,HO,50 BroadwaySW1H 0BL,020 7227 7000,operations@sra.org.uk, 020 7222 3480,: http://www.bdb-law.co.uk,448617
BIRCHLEY TITMUS COMMERCIAL SOLICITORS,HO,Charlecombe LodgeSL5 9QT,020 7408 9427,operations@sra.org.uk, 020 7408 9417,,524766
BIRCHLEY TITMUS COMMERCIAL SOLICITORS,BRN,16 Hanover SquareW1S 1HT,020 7408 9427,operations@sra.org.uk, 020 7408 9417,,533408
BIRD & BIRD LLP,HO,15 Fetter LaneEC4A 1JP,0207 415 6000,london@twobirds.com, 0207 415 6111,: http://www.twobirds.com,497264
BIRKETTS LLP,HO,24-26 Museum StreetIP1 1HZ,01473 232300,mail@birketts.co.uk, 01473 230524,: http://www.birketts.co.uk,441849
BISHOP & SEWELL LLP,HO,46 Bedford SquareWC1B 3DP,020 7631 4141,mail@bishopandsewell.co.uk, 020 7636 5369,: http://www.bishopandsewell.co.uk,443824
BLAKE LAPTHORN,BRN,Seacourt TowerOX2 0FB,01865 248607,infor@bllaw.co.uk, 01865 244983,: http://www.bllaw.co.uk/,448859
BLASER MILLS,HO,Park HouseHP11 1BZ,01494 450171,legal@blasermills.co.uk, 01494 441815,: http://www.blasermills.co.uk,191469
BOLT BURDON,HO,Providence HouseN1 0NT,020 7288 4700,info@boltburdon.co.uk, 020 7288 4701,: http://www.boltburdon.co.uk,382061
BOND PEARCE LLP,HO,3 Temple Back EastBS1 6DZ,0845 415 0000,info@bondpearce.com, 0845 415 6900,: http://www.bondpearce.com,420640
BOND PEARCE LLP,BRN,Ballard HousePL1 3AE,0845 415 0000,info@bondpearce.com, 0845 415 7900,: http://www.bondpearce.com,420693
BOND PEARCE LLP,BRN,Darwin HouseEX1 1LA,0845 415 0000,info@bondpearce.com, 0845 415 5200,: http://www.bondpearce.com,420695
BOND PEARCE LLP,BRN,Oceana HouseSO15 1GA,0845 415 0000,info@bondpearce.com, 0845 415 8200,: http://www.bondpearce.com,420696
BOND PEARCE LLP,BRN,8th FloorEC3R 7LP,0845 415 0000,info@bondpearce.com, 0845 415 6200,: http://www.bondpearce.co.,420697
BOTSOFF,HO,1 Heath StreetNW3 6TP,0207581 0665,victoria@botsoff.com,,: http://www.botsoff.com,496033
BOWERMANS LLP,HO,2 Market SquareOX26 6AA,01869 243457,operations@sra.org.uk, 01869 242323,: http://www.bowermans-solicitors.co.uk,488756
BOYES TURNER,HO,Abbots HouseRG1 3BD,0118 959 7711,mail@boyesturner.com, 0118 957 3257,: http://www.boyesturner.com,47511
BPE SOLICITORS LLP,HO,St. James' HouseGL50 3PR,01242 224433,bpe@bpe.co.uk, 01242 574285,: http://www.bpe.co.uk,520350
BRABNERS CHAFFE STREET LLP,HO,Horton HouseL2 3YL,0151 600 3000,operations@sra.org.uk, 0151 227 3185,: http://www.brabnerschaffestreet.com,420634
BRABNERS CHAFFE STREET LLP,BRN,55 King StreetM2 4LQ,0161 836 8800,operations@sra.org.uk, 0161 836 8801,: http://www.brabnerschaffestreet.com,421058
BRABNERS CHAFFE STREET LLP,BRN,7-8 Chapel StreetPR1 8AN,01772 823921,operations@sra.org.uk, 01772 201918,: http://www.brabnerschaffestreet.com,421059
BRADLEY AND JEFFERIES SOLICITORS LIMITED,HO,58 Friar GateDE1 1DF,01332 221722,info@bradleyandjefferies.co.uk, 01332 221727,: http://www.bradleyandjefferies.co.uk,425593
BRANDSWORTH,HO,28 Gillespie RoadN5 1LN,07919 575 020,tim.marshall@brandsworth.co.uk, 08700 417 589,: http://www.brandsworth.co.uk,444233
BRAY AND KRAIS,HO,Suite 10 SW6 2TL,00 44 0207 384 3050,bandk@brayandkrais.com, 00 44 0207 384 3051,: http://www.brayandkrais.com,344342
BRIDGEHOUSE PARTNERS LLP,HO,Suite 426W1B 5TE,020 7851 7160,jt@bridgehouselaw.com, 0845 644 5163,: http://www.bridgehouselaw.com,399188
BRIDGEHOUSE PARTNERS LLP,BRN,Lancaster HouseB3 1NQ,+44(0) 121 314 0000,sm@bridgehouselaw.com, +44(0) 121 314 0020,: http://www.bridgehouselaw.com,441453
BRIFFA,HO,Business Design CentreN1 0QH,020 7288 6003,briffa@briffa.com, 020 7288 6004,: http://www.briffa.com,79875
BRIGHT (SOUTH WEST) LLP,HO,Tamar Science ParkPL6 8BX,01752 764848,info@brightllp.co.uk, 01752 764845,: http://www.brightllp.co.uk,444635
BRIGHTLAW LIMITED,HO,4 Longlands SpinneyBN14 9NU,03456 522 201,alex@brightlaw.biz, 03456 522 201,: http://www.brightlaw.biz,516677
BRIGHTLEY COMMERCIAL,HO,Lower LandrineTR8 5BB,01872 519087,robert@brightley.com, 01872 519086,: http://www.brightley.com,363142
BRISTOWS,HO,100 Victoria EmbankmentEC4Y 0DH,020 7400 8000,info@bristows.com, 020 7400 8050,: http://www.bristows.com,44205
BROOK OLIVER IN ASSOCIATION WITH RICHARD GRIFFITHS & CO,BRN,10 Mallard BuildingsBH25 6HY,01425 616809,rachael@richardgriffithsandco.com, 01425 611780,: http://www.richardgriffithsandco.com,467203
BROWNE JACOBSON LLP,BRN,77 Gracechurch StreetEC3V 0AS,020 7337 1000,lon@brownejacobson.com, 020 7929 1724,: http://www.brownejacobson.com,401165
BRYAN CAVE,HO,88 Wood StreetEC2V 7AJ,0203 207 1100,operations@sra.org.uk, 0203 207 1881,: http://www.bryancave.com,72291
BUCKLES SOLICITORS LLP,HO,Grant HousePE1 1NG,01733 888888,enquiries@buckles-law.co.uk, 01733 888999,: http://www.buckles-law.co.uk,419965
BUDE NATHAN IWANIER,HO,1 Temple Fortune ParadeNW11 0QN,020 8458 5656,operations@sra.org.uk, 020 8458 5065,,70758
BURGES SALMON LLP,HO,Narrow Quay HouseBS1 4AH,0117 939 2000,email@burges-salmon.com, 0117 902 4400,: http://www.burges-salmon.com,401114
BURNLEY JONES BATE AND CO,HO,120 Kingston RoadSW19 1LY,020 8542 8101,geraldbate@bjbsolicitors.co.uk, 020 8540 1636,,79710
BURROUGHS DAY,HO,14 Charlotte StreetBS1 5PT,0117 929 0333,cjb@bd4law.com, 0117 9290335,: http://www.bd4law.com,44501
BURTONWOODS,HO,Museum HouseWC1A 1JT,020 7636 2448,queries@burtonwoods.com, 020 7493 9241,: http://www.burtonwoods.com,324143
C J JONES SOLICITORS,HO,9 Mallow StreetEC1Y 8RQ,0207 253 7419,chris.jones@cjjonessolicitors.co.uk, 0207 490 7908,: http://www.cjjonessolicitors.co.uk,421247
CALVERT SOLICITORS,HO,77 Weston StreetSE1 3RS,020 7234 0707,mail@calvertsolicitors.co.uk, 020 7234 0909,: http://www.calvertsolicitors.co.uk,76488
CAMPBELL CHAMBERS,HO,25 Hatton GardenEC1N 8BQ,020 7691 8777,info@campbellchambers.com, 020 7691 8778,: http://www.campbellchambers.com,269798
CANDEY LLP,HO,8 Stone BuildingsWC2A 3TA,020 3370 8888,operations@sra.org.uk,2033287778,: http://www.candeyllp.com,510688
CAPITAL LAW LLP,BRN,99 City RoadEC1Y 1AX,,operations@sra.org.uk,,,471175
CAPSTICK DALE & PARTNERS,HO,224 Main RoadRM2 5HA,01708 722466,mail@capstick-dale.com, 01708 725174,,44693
CAPSTICKS SOLICITORS LLP,HO,77-83 Upper Richmond RoadSW15 2TT,0208 780 2211,info@capsticks.co.uk, 0208 780 1141,: http://www.capsticks.com,497585
CAROLINE MILLER & CO,HO,Unit 4RH5 5LS,01306 627 160,carolinemillerandco@btinternet.com, 07005 981 639,: http://www.carolinemillerandco.co.uk,389297
CARR AND KAYE SOLICITORS,HO,No. 3NW3 6AJ,0333 900 0770,david.carr@carrandkaye.com, 0207 681 241,: http://www.carrandkaye.com,524412
CARR AND KAYE SOLICITORS,BRN,30a The AvenueAL6 0PP,0845 241 5136,philip.raye@carrandkaye.com, 0208 711 5742,: http://www.carrandkaye.com,533334
CARTER-RUCK,HO,6 St. Andrew StreetEC4A 3AE,0207 3535005,lawyers@carter-ruck.com, 0207 3535553,: http://www.carter-ruck.com,44769
CFK LEGAL LIMITED,HO,32 Hope StreetL1 9BX,0151 708 6222,operations@sra.org.uk, 0151 708 1900,: http://www.cfklegal.com,483535
CFK LEGAL LIMITED,BRN,32 Hope StreetL1 9BX,0151 708 6222,operations@sra.org.uk, 0151 708 1900,,483536
CHADBOURNE & PARKE (LONDON) LLP,HO,Regis HouseEC4R 9AN,020 7337 8000,operations@sra.org.uk, 020 7337 8001,: http://www.chadbourne.com,264209
CHADWICK LAWRENCE LLP,BRN,2A Red Hall CrescentWF1 2DF,01924 379 078,operations@sra.org.uk,,,486607
CHARLES ANNON AND CO. LTD,HO,Lower Ground FloorW6 7PD,0207 603 5539,info@charlesannon.co.uk, 0207 603 7756,,425411
CHARLES LUCAS & MARSHALL,HO,Radnor HouseRG14 5EU,01635 521212,operations@sra.org.uk, 01635 37784,: http://www.clmlaw.co.uk,53438
CHARLES RUSSELL LLP,HO,5 Fleet PlaceEC4M 7RD,,caroline.bryam@charlesrussell.co.uk, 020 723 0200,: http://www.charlesrussell.co.uk,420625
CHARLES RUSSELL LLP,BRN,Bury Fields HouseGU2 4AZ,01483 252525,operations@sra.org.uk, 01483 252550,: http://www.charlesrussell.co.uk,420629
CHARLES RUSSELL LLP,BRN,Compass HouseGL50 2QJ,01242 221122,operations@sra.org.uk, 01242 584700,: http://www.charlesrussell.co.uk,420630
CHARLES RUSSELL LLP,BRN,Building 7600OX4 2JZ,0845 3590090,operations@sra.org.uk, 0845 3590099,: http://www.charlesrussell.co.uk,423615
CHARLES RUSSELL LLP,BRN,Clarendon HouseCB2 8FH,01223 465465,operations@sra.org.uk, 01223 465400,: http://www.charlesrussell.co.uk,464944
CHARLES RUSSELL LLP,BRN,Kingsbury HouseSW1Y 6QU,020 7203 5000,operations@sra.org.uk, 020 3023 5600,,471886
CHEBSEY LAW LIMITED,HO,51 London EndHP9 2HW,01494 670 440,operations@sra.org.uk, 01494 670 276,: http://www.chebsey.com,513956
CHRIS MILESON SOLICITORS,HO,Winnats FarmDA13 0XF,01474 816517,chris@chrismileson.com, 01474 813292,: http://www.chrismileson.com,442900
CHUA'S SOLICITORS,HO,6 Bream's BuildingsEC4A 1QL,0207 242 6789,mail@chuas.co.uk, 0207 242 6790,: http://www.chuassolicitors.co.uk,282088
CKFT,HO,25-26 Hampstead High StreetNW3 1QA,020 7431 7262,jrook@ckft.com, 020 7431 7261,: http://www.ckft.com,74851
CLARION SOLICITORS LLP,HO,Britannia ChambersLS1 3AX,0113 246 0622,enquiries@clarionsolicitors.com, 0113 246 7488,: http://www.clarionsolicitors.com,484781
CLARKE WILLMOTT LLP,BRN,1 Georges SquareBS1 6BA,0845 209 1000,operations@sra.org.uk,8452092002,: http://www.clarkewillmott.com,512912
CLARKE WILLMOTT LLP,BRN,Burlington HouseSO30 2AF,0845 209 1000,operations@sra.org.uk,8452092003,,512913
CLARKE WILLMOTT LLP,BRN,Blackbrook GateTA1 2PG,0845 209 1000,operations@sra.org.uk, 0845 209 2004,: http://www.clarkewillmott.com,512914
CLARKS NOMINEES LIMITED,HO,One Forbury SquareRG1 3EB,0118 958 5321,operations@sra.org.uk, 0118 960 4611,,386365
CLARKSLEGAL LLP,HO,One Forbury SquareRG1 3EB,0118 958 5321,contactus@clarkslegal.com, 0118 939 5733,: http://www.clarkslegal.com,403601
CLARKSLEGAL LLP,BRN,12-13 Henrietta StreetWC2E 8LH,0207 539 8000,operations@sra.org.uk, 0207 539 8001,: http://www.clarkslegal.com,403604
CLAYDENLAW LIMITED,HO,Prama HouseOX2 7HT,01865 339640,operations@sra.org.uk, 01865 339301,: http://www.claydenlaw.co.uk,522090
CLEARY GOTTLIEB STEEN & HAMILTON LLP,HO,City Place HouseEC2V 5EH,020 7614 2200,operations@sra.org.uk, 020 7600 1698,: http://www.clearygottlieb.com,408222
CLIFFORD CHANCE LLP,HO,10 Upper Bank StreetE14 5JJ,020 7006 1000,operations@sra.org.uk, 020 7006 5555,: http://www.cliffordchance.com,447778
CLIFFORD CHANCE LLP,BRN,4 Coleman StreetEC2R 5JJ,020 7006 1000,operations@sra.org.uk, 020 7006 5555,,449734
CLIFFORD MILLER,HO,Burnhill Business CentreBR3 3LA,020 8 663 0044,operations@sra.org.uk, 020 8 6630011,: http://www.cliffordmiller.com,76221
CLINTONS,HO,55 Drury LaneWC2B 5RZ,020 7379 6080,jseigal@clintons.co.uk, 020 7240 9310,: http://www.clintons.co.uk,45165
CLYDE & CO LLP,BRN,1 Stoke RoadGU1 4HW,01483 555555,operations@sra.org.uk, 01483 567330,: http://www.clydeco.com,462913
CMS CAMERON MCKENNA LLP,HO,Mitre HouseEC1A 4DD,+44 (0)20 7367 3000,operations@sra.org.uk, +44 (0) 20 7367 2000,: http://www.cms-cmck.com,423370
COBBETTS LEE CROWDER NOMINEES LIMITED,HO,58 Mosley StreetM2 3HZ,8454042404,enquiries@cobbetts.com,,: http://enquiries@cobbetts.com,211008
COBBETTS LEE CROWDER NOMINEES LIMITED,BRN,1 Whitehall RiversideLS1 4BN,0845 4042404,operations@sra.org.uk, 0845 4042424,,490827
COBBETTS LEE CROWDER NOMINEES LIMITED,BRN,70 Gray's Inn RoadWC1X 8BT,0845 404 2404,operations@sra.org.uk, 0161 833 3030,,490829
COBBETTS LLP,HO,58 Mosley StreetM2 3HZ,0845 404 2404,lawyers@cobbetts.co.uk, 0845 404 2414,: http://www.cobbetts.com,425778
COBBETTS LLP,BRN,1 Whitehall RiversideLS1 4BN,0845 4042404,operations@sra.org.uk, 0845 4042424,: http://www.cobbetts.com,425779
COBBETTS LLP,BRN,One Colmore SquareB4 6AJ,0845 4042404,enquiries@cobbetts.co.uk, 0845 4042434,: http://www.cobbetts.com,425780
COBBETTS LLP,BRN,70 Gray's Inn RoadWC1X 8BT,0845 404 2404,enquiries@crobetts.com, +44 161 833 3030,: http://cobbetts.com,467565
COFFEY GRAHAM LLP,HO,1-6 Yarmouth PlaceW1J 7BU,020 3145 1170,info@coffeygraham.com,,: http://www.coffeygraham.com,492871
COHEN CRAMER INCORPORATING HUDSON & ASSOCIATES,HO,St George HouseLS1 3DL,0113 244 0597,info@cohencramer.co.uk, 0113 298 7363,: http://www.cohencramer.co.uk,499994
COHEN CRAMER INCORPORATING HUDSON & ASSOCIATES,BRN,65-67 Main StreetLA6 2AH,,operations@sra.org.uk,,,521188
COLLIER MEDIA LAW,HO,Kite StudiosW12 9RY,020 8993 5577,info@colliermedialaw.com,,: http://www.colliermedialaw.com,419868
COLLINS LONG,HO,24 Pepper StreetSE1 0EB,020 7401 9800,info@collinslong.com, 020 7401 9850,: http://www.collinslong.com,209224
COLLYER BRISTOW LLP,HO,4 Bedford RowWC1R 4DF,020 7242 7363,cblaw@collyerbristow.com, 020 7405 0555,: http://www.collyerbristow.com,441900
COMPLETE - THE LEGAL SHOP,BRN,5-6 Northumberland BuildingsBA1 2JE,,operations@sra.org.uk,,,460319
COMPLETE - THE LEGAL SHOP,BRN,1 Northumberland BuildingsBA1 2JB,01225 425731,enquiries@completehome.co.uk, 01225 352 901,: http://www.completehome.co.uk,463196
COUCHMANS LLP,HO,20-22 Bedford RowWC1R 4EB,020 7611 9660,enquiries@couchmanharrington.com, 020 7611 9661,: http://www.couchmanharrington.com,518888
COVINGTON & BURLING LLP,HO,265 StrandWC2R 1BH,020 7067 2000,operations@sra.org.uk, 020 7067 2222,: http://www.cov.com,77071
COYLE WHITE DEVINE,HO,Boughton Business ParkHP6 6GL,08450 945 945,operations@sra.org.uk, 08450 945 995,: http://www.cwd-law.com,408466
CRAMER PELMONT,BRN,33 Cavendish SquareW1G 0PW,0207 1824039,operations@sra.org.uk,,: http://www.cramerpelmont.co.uk,513301
CRANELAW NOMINEES,HO,4 More London RiversideSE1 2AU,020 7379 0000,info@lg-legal.com, 020 7379 6854,: http://www.lg-legal.com,79759
CRIPPS HARRIES HALL LLP,HO,Wallside HouseTN1 1EG,01892 515 121,reception@crippslaw.com, 01892 544878,: http://www.crippslaw.com,420623
CROWELL & MORING,HO,11 Pilgrim StreetEC4V 6RN,+44 (0) 20 7413 0011,pkiernan@crowell.com, +44 (0) 20 7413 0333,: http://www.crowell.com,73848
CRUTES LLP,HO,Great North HouseNE1 8ND,0191 233 9700,operations@sra.org.uk, 0191 233 9701,: http://www.crutes.co.uk,437681
CRUTES LLP,BRN,Crutes HouseTS17 6EN,01642 623400,operations@sra.org.uk, 01642 623401,: http://www.crutes.co.uk,437683
CRUTES LLP,BRN,13 Castle StreetCA3 8SY,01228 525195,operations@sra.org.uk, 01228 525620,: http://www.crutes.co.uk,437684
CUMBERLAND ELLIS LLP,HO,Atrium CourtWC1R 4QR,020 7242 0422,contact@cumberlandellis.com, 020 7831 9081,: http://www.cumberlandellis.com,423951
CURTIS TURNER & DRUKKER LIMITED,HO,Mitre HouseEC4Y 1BN,0207 353 1770,admin@ctdlaw.co.uk, 0207 353 1771,: http://www.ctdlaw.co.uk,419777
DALE PARKINSON & CO,HO,8 North WarrenIP15 5QF,01728 453338,operations@sra.org.uk, 01728 454125,,59011
DAVENPORT LYONS,HO,30 Old Burlington StreetW1S 3NL,020 7468 2600,dl@davenportlyons.com, 0207 437 8216,: http://www.davenportlyons.com,49564
DAVID PHILLIPS & PARTNERS,BRN,150 High RoadRM6 6NT,,info@dpp-law.com,,: http://www.dpp-law.com,404778
DAVID PRICE SOLICITORS AND ADVOCATES,HO,21 Fleet StreetEC4Y 1AA,020 7353 9999,enquiries@lawyers-media.com, 020 7353 9990,: http://www.lawyers-media.com,75075
DAVIES ARNOLD COOPER LLP,HO,6-8 Bouverie StreetEC4Y 8DD,0207 936 2222,DACLON@DAC.CO.UK, 0207 936 2020,: http://www.dac.co.uk,488319
DEBEVOISE & PLIMPTON LLP,HO,Tower 42EC2N 1HQ,020 7786 9000,operations@sra.org.uk, 020 7588 4180,: http://www.debevoise.com,264277
DECHERT LLP,HO,Times SquareEC4V 4QQ,020 7184 7000,operations@sra.org.uk, 020 7184 7001,: http://www.dechert.com,389648
DEIBEL & ALLEN,HO,10 Franklin RoadBN41 1AN,01273 430999,jdeibel@da-law.co.uk, 01273 430640,: http://www.deibelandallen.co.uk,67830
DELLAPINA & CO SOLICITORS LTD,HO,Caledonian HouseWA16 6AG,01565 634100,info@dellapina.co.uk, 01565 621300,: http://www.dellapina.co.uk,471131
DENTON WILDE SAPTE LLP,HO,One Fleet PlaceEC4M 7WS,020 7246 7000,operations@sra.org.uk, 020 7246 7777,: http://www.dentonwildesapte.com,447523
DENTON WILDE SAPTE LLP,BRN,5 Chancery LaneEC4A 1BU,,operations@sra.org.uk,,,447524
DENTON WILDE SAPTE LLP,BRN,The PinnacleMK9 1FE,,operations@sra.org.uk,,: http://www.dentonwildesapte.com,447525
DENTON WILDE SAPTE LLP,BRN,124 Chancery LaneWC2A 1PT,,operations@sra.org.uk,,,492445
DEVEREAUX SOLICITORS,HO,Oldebourne HouseWC2A 1JE,020 7242 7766,operations@sra.org.uk, 020 7242 8879,: http://www.devereaux-solicitors.com,428395
DICKINSON DEES LLP,HO,St. Anns WharfNE1 3DX,0191 279 9000,law@dickinson-dees.com, 0191 274 9100,: http://www.dickinson-dees.com,449247
DICKINSON DEES LLP,BRN,Camden HouseTS17 6QY,01642 631700,law@dickinson-dees.com, 01642 631701,: http://www.dickinson-dees.com,449248
DICKINSON DEES LLP,BRN,One TrinityNE1 2HF,0191 279 9000,law@dickinson-dees.com, 0191 279 9100,: http://www.dickinson-dees.com,449249
DICKINSON DEES LLP,BRN,The Chocolate WorksYO23 1DE,01904 612233,law@dickinson-dees.com, 01904 464 350,: http://www.dickinson-dees.com,460169
DICKINSON DEES LLP,BRN,Gate HouseEC4M 7LG,0844 984 1500,law@dickinson-dees.com, 0844 984 1501,: http://www.dickinson-dees.com,510450
DIXON PHILLIPS LIMITED,HO,Bateman HouseCB2 1LQ,01223 352 007,paul@dixon-phillips.co.uk,,: http://www.dixon-phillips.co.uk,500042
DL LEGAL LLP,HO,Rahere HouseN13 4JR,0845 456 9800,nick.lockett@dllegal.com, 0207 990 8900,: http://www.dllegal.com,389348
DLA PIPER INTERNATIONAL LLP,HO,3 Noble StreetEC2V 7EE,08700 111 111,operations@sra.org.uk,,,386993
DLA PIPER UK LLP,HO,3 Noble StreetEC2V 7EE,08700 111 111,operations@sra.org.uk, 0207 796 6666,: http://www.dlapiper.com,401322
DLA PIPER UK LLP,BRN,1 St Paul's PlaceS1 2JX,08700 111 111,operations@sra.org.uk,,,401419
DLA PIPER UK LLP,BRN,Princes ExchangeLS1 4BY,+44 (0) 8700 111 111,operations@sra.org.uk, +44 (0) 113 369 2369,: http://www.dlapiper.com,401422
DLA PIPER UK LLP,BRN,Victoria Square HouseB2 4DL,08700 111 111,operations@sra.org.uk, 0121 262 5794,: http://www.dlapiper.com,401423
DLA PIPER UK LLP,BRN,Seventh FloorL2 0NH,08700 111 111,operations@sra.org.uk, 0151 236 9208,,401424
DLA PIPER UK LLP,BRN,101 Barbirolli SquareM2 3DL,08700 111 111,operations@sra.org.uk, 0161 235 4111,,401425
DLA PIPER UK LLP,BRN,Carlton HouseM2 5PE,08700 111 111,operations@sra.org.uk, 0161 235 4111,,401426
DMH STALLARD LLP,HO,100 Queens RoadBN1 3YB,01273 329833,operations@sra.org.uk, 01273 735801,: http://www.dmhstallard.com,490576
DMH STALLARD LLP,BRN,Gainsborough HouseRH11 7FZ,01293 605000,operations@sra.org.uk, 01293 543 760,: http://www.dmhstallard.com,490578
DMH STALLARD LLP,BRN,6 New Street SquareEC4A 3BF,0207 822 1500,operations@sra.org.uk, 0207 842 2333,,490579
DMH TRUSTEES LTD,HO,100 Queens RoadBN1 3YB,01273 329833,operations@sra.org.uk, 01273 202885,: http://www.dmhstallard.com,79599
DMH TRUSTEES LTD,BRN,Gainborough HouseRH11 7PZ,01293 605000,operations@sra.org.uk, 01293 543760,: http://www.dmhstallard.com,79602
DMH TRUSTEES LTD,BRN,6 New Street SquareEC4A 3BF,0207 423 1000,operations@sra.org.uk, 0207 481 3002,: http://www.dmhstallard.com,441923
DORSEY & WHITNEY (EUROPE) LLP,HO,21 Wilson StreetEC2M 2TD,020 7588 0800,london@dorsey.com, 020 7588 0555,: http://www.dorsey.com,272016
DREW & CO,HO,64 Hereford RoadW2 5AJ,020 7221 0009,info@drewlaw.co.uk, 020 7313 9993,,325401
DREW & CO,BRN,Vicarage HouseW8 4DB,020 7221 0009,operations@sra.org.uk, 020 7313 9993,,441599
DTM LEGAL LLP,HO,Archway HouseCH1 3DR,01244 354800,alison.brennan@dtmlegal.com, 01244 403485,: http://www.dtmlegal.com,492779
DUANE  MORRIS,HO,10 Chiswell StreetEC1Y 4UQ,020 7786 2100,salaws@duanemorris.com, 020 7786 2101,: http://www.duanemorris.com,310992
DUNDAS & WILSON LLP,HO,North West WingWC2B 4EZ,020 7240 2401,operations@sra.org.uk, 020 7420 2448,: http://www.dundas-wilson.com,406303
DWF LLP,HO,Centurion HouseM3 3AA,0161 603 5000,enquiries@dwf.co.uk, 0161 603 5050,: http://www.dwf.co.uk,469044
DWF LLP,BRN,5 St Paul's SquareL3 9AE,0151 907 3000,enqurires@dwf.co.uk, 0151 907 3030,: http://www.dwf.co.uk,469061
DWF LLP,BRN,Bridgewater PlaceLS11 5Dy,0113 261 6000,enquiries@dwf.co.uk, 0870 094 0939,: http://www.dwf.co.uk,469063
DWF LLP,BRN,6 Winckley SquarePR1 3JJ,01772 556677,enquiries@dwf.co.uk, 0870 166 7161,: http://www.dwf.co.uk,469064
DWF LLP,BRN,Capital HouseEC4N 7BL,0207 645 9500,enquiries@dwf.co.uk, 0207 645 9501,: http://www.dwf.co.uk,489807
E S N SOLICITORS,BRN,141 Wood End LaneB24 8BD,0121 377 7773,operations@sra.org.uk, 0121 377 6621,: http://www.esnsolicitors.com,498995
EATONS,HO,The Old LibraryBD1 3LH,01274 728327,enquiries@eatons-solicitors.co.uk, 01274 305056,: http://www.eatons-solicitors.co.uk,49116
EDWARDS ANGELL PALMER & DODGE UK LLP,HO,1 Fetter LaneEC4A 1JB,020 7583 4055,operations@sra.org.uk, 020 7353 7377,: http://www.eapdlaw.com,472034
EDWARDS DUTHIE,BRN,517-519 Barking RoadE13 8PT,0208 471 8115,operations@sra.org.uk, 020 8552 5705,,332629
EEI SOLICITORS,HO,1 Bridport StreetL3 5QF,0151 707 8004,eeisolicitors@googlemail.com, 0151 707 8004,: http://www.eeisolicitors.org.uk,462667
ELSE SOLICITORS LLP,HO,First AvenueDE14 2WE,01283 526200,helen.herniman@else.co.uk, 01283 510140,: http://www.elselaw.co.uk,513399
ENT-LAW,HO,Grange Farm Business ParkSO32 2HD,01329 834100,paul@ent-law.co.uk, 01329 834448,,344602
EPSTEIN ROSEMBLUM MAOZ LAW OFFICE,BRN,Unit 2  Palace CourtNW3 6DN,,Rosenblum@erm-law.com,,: http://www.erm-law.com,510897
EVERSHEDS LLP,HO,One Wood StreetEC2V 7WS,0845 497 9797,operations@sra.org.uk, 0845 497 4919,: http://www.eversheds.com,383181
EVERSHEDS LLP,BRN,115 Colmore RowB3 3AL,0845 497 9797,operations@sra.org.uk, 0845 497 1900,: http://www.eversheds.com,383182
EVERSHEDS LLP,BRN,Eversheds HouseM1 5ES,0845 497 9797,operations@sra.org.uk, 0845 497 8888,: http://www.eversheds.com,383183
EVERSHEDS LLP,BRN,Bridgewater PlaceLS11 5DR,0845 497 9797,operations@sra.org.uk, 0845 498 4994,: http://www.eversheds.com,383184
EVERSHEDS LLP,BRN,Central Square SouthNE1 3XX,0845 497 9797,operations@sra.org.uk, 0845 497 6499,: http://www.eversheds.com,383187
EVERSHEDS LLP,BRN,1 Royal Standard PlaceNG1 6FZ,0845 497 9797,operations@sra.org.uk, 0845 497 7477,: http://www.eversheds.com,383189
EVERSHEDS LLP,BRN,Franciscan HouseIP1 1UR,0845 497 9797,operations@sra.org.uk, 0845 497 2431,: http://www.eversheds.com,383190
EVERSHEDS LLP,BRN,Kett HouseCB1 2JY,0845 497 9797,operations@sra.org.uk, 0845 497 3777,: http://www.eversheds.com,383191
EVERYMAN LEGAL LIMITED,HO,Unit 1G  Network PointOX29 0YN,0845 868 0960,james.hunt@everymanlegal.com, 0845 868 0961,: http://www.everymanlegal.com.,465380
FAIRFIELDS,HO,Bibire HouseNR6 5HX,01603 400 552,admin@fairfieldlaw.net, 01603 441 826,: http://www.fairfieldlaw.net,381680
FARRER & CO LLP,HO,66 Lincoln's Inn FieldsWC2A 3LH,0207 242 2022,mss@farrer.co.uk, 0207 242 9899,: http://www.farrer.co.uk,447822
FASKEN MARTINEAU LLP.,HO,17 Hanover SquareW1S 1HU,020 7917 8500,operations@sra.org.uk, 020 7917 8555,: http://www.fasken.com,420611
FBC MANBY BOWDLER LLP,HO,George HouseWV2 4BZ,01902 578000,info@fbcmb.co.uk, 01902 311886,: http://www.fbcmb.co.uk,487405
FBC MANBY BOWDLER LLP,BRN,1 St. Leonards CloseWV16 4EL,01746 761436,info@fbcmb.co.uk, 01746 766764,: http://www.fbcmb.co.uk,487500
FBC MANBY BOWDLER LLP,BRN,Rowan HouseSY2 6LG,01743 241551,info@fbcmb.co.uk, 01743 241623,: http://www.fbcmb.co.uk,487503
FBC MANBY BOWDLER LLP,BRN,Blount HouseTF3 4NQ,01952 291525,info@fbcmb.co.uk, 01952 291921,: http://www.fbcmb.co.uk,487504
FBC MANBY BOWDLER LLP,BRN,6-10 George StreetWV2 4DN,01902 311711,info@fbcmb.co.uk, 01902 311102,: http://www.fbcmb.co.uk,487505
FBC MANBY BOWDLER LLP,BRN,11-12 New RoadWV13 2BL,01902 366566,info@fbcmb.co.uk, 01902 636455,: http://www.fbcmb.co.uk,487507
FBC MANBY BOWDLER LLP,BRN,Routh HouseTF3 4NJ,01952 292129,info@fbcmb.co.uk, 01952 291716,: http://www.fbcmb.co.uk,487508
FERDINAND KELLY,HO,West WingB78 2EY,01827 893526,info@ferdinandkelly.co.uk, 01827 895039,: http://www.ferdinandkelly.co.uk,193977
FIELD FISHER WATERHOUSE,HO,35 Vine StreetEC3N 2AA,020 7861 4000,info@ffwlaw.com, 020 7488 0084,: http://www.ffw.com,70229
FIELD FISHER WATERHOUSE LLP,HO,35 Vine StreetEC3N 2AA,0207 861 4000,info@ffw.com, 0207 488 0084,: http://www.ffw.com,441075
FIELD FISHER WATERHOUSE LLP,BRN,27th FloorM1 4BD,0161 200 1700,info@ffw.com, 0161 200 1777,: http://www.ffw.com,441086
FINERS STEPHENS INNOCENT LLP,HO,179-185 Great Portland StreetW1W 5LS,020 7323 4000,marketing@fsilaw.co.uk, 020 7580 7069,,406212
FLADGATE LLP,HO,25 North RowW1K 6DJ,020 7323 4747,fladgate@fladgate.com, 020 7629 4414,: http://www.fladgate.com,484783
FOLLETT STOCK LLP,HO,Truro Business ParkTR4 9NH,01872 241 700,info@follettstock.co.uk, 01872 245 980,: http://www.follettstock.co.uk,523917
FOOT ANSTEY,HO,Salt Quay HousePL4 0BN,01752 675 000,operations@sra.org.uk, 01752 675 500,: http://www.footanstey.com,321319
FOOT ANSTEY,BRN,Senate CourtEX1 1NT,01392 411221,operations@sra.org.uk, 01392 685220,: http://www.footanstey.com,321325
FOOT ANSTEY,BRN,The QuadTA1 2PX,01823 625 600,info@foot-ansteys.co.uk, 01823 625 678,: http://www.footanstey.com,464061
FOOT ANSTEY INCORPORATING HANCOCK CAFFIN,BRN,Princes HouseTR1 2EY,01872 243300,operations@sra.org.uk, 01872 242458,: http://www.footanstry.com,472125
FOOT ANSTEY INCORPRATION HANCOCK CAFFIN,BRN,The Old Manison HouseTR1 2HD,,operations@sra.org.uk,,: http://www.footanstey.com,472123
FORBES ANDERSON FREE,HO,Level 5W1T 3LN,0207 2913500,aforbes@forbesanderson.com, 0207 2913511,,350235
FORSYTH SIMPSON,HO,7 Cavendish SquareW1G 0PE,020 7612 7615,campbell@forsythsimpson.com, 0207 612 7602,: http://www.forsythsimpson.com,404553
FOX WILLIAMS LLP,HO,Ten Dominion StreetEC2M 2EE,020 7628 2000,mail@foxwilliams.com, 020 7628 2100,: http://www.foxwilliams.com,443899
FREETH CARTWRIGHT LLP,HO,80 Mount StreetNG1 6HH,0115 936 9369,operations@sra.org.uk,,: http://www.freethcartwright.co.uk,384855
FREETH CARTWRIGHT LLP,BRN,2nd Floor  West PointDE1 3QT,01332 361 000,operations@sra.org.uk, 01332 546 111,: http://www.freethcartwright.co.uk,384859
FREETH CARTWRIGHT LLP,BRN,1 Colton SquareLE1 1QH,0116 248 1100,operations@sra.org.uk, 0845 634 2590,: http://www.freethcartwright.co.uk,384861
FREETH CARTWRIGHT LLP,BRN,St. James BuildingsM1 6FQ,0845 634 2540,operations@sra.org.uk, 0845 634 2541,: http://www.freethcartwright.co.uk,442685
FREETH CARTWRIGHT LLP,BRN,75 Colmore RowB3 2AP,0845 634 2575,operations@sra.org.uk, 0845 634 2576,,472111
FRESHFIELDS BRUCKHAUS DERINGER,HO,65 Fleet StreetEC4Y 1HS,020 7936 4000,wmail@freshfields.com, 020 7832 7001,: http://www.freshfields.com,48665
FRESHFIELDS BRUCKHAUS DERINGER LLP,HO,65 Fleet StreetEC4Y 1HS,0207 936 4000,operations@sra.org.uk, 0207 936 4001,: http://www.freshfields.com,484861
FUGLERS (IN ASSOCIATION WITH DAVID BERENS & CO) LLP,HO,70 Charlotte StreetW1T 4QG,020 7323 6450,admin@fuglers.co.uk, 020 7323 6451,: http://www.fuglers.co.uk,441833
G H CORNISH LLP,BRN,8 Canfield PlaceNW6 3BT,020 8090 0800,info@ghcornish.com, 020 8090 1234,: http://www.ghcornish.com,509951
GALLANT MACMILLAN LLP,HO,3 Greek StreetW1D 4DA,020 7758 4720,enquiries@gmlegal.co.uk, 020 7758 4721,: http://www.gmlegal.co.uk,443499
GB LAW,HO,4B Mascalls LaneCM14 5LR,01277 231 177,info@gblawyers.co.uk, 01277 226521,: http://www.gblawyers.co.uk,470140
GELDARDS LLP,BRN,1 Pride PlaceDE24 8QR,01332 331631,info@geldards.com, 01332 294295,: http://www.geldards.com,425640
GELDARDS LLP,BRN,The ArcNG2 1EN,0115 983 3650,info@geldards.com, 0115 983 3761,: http://www.geldards.com,425641
GEORGE DAVIES SOLICITORS LLP,HO,Fountain CourtM2 2FB,0161 236 8992,mail@georgedavies.co.uk, 0161 228 0030,: http://www.georgedavies.co.uk,463086
GERALDINE EAST SOLICITOR,HO,39A Belsize AvenueNW3 4BN,020 7794 9884,geraldine@geraldineeast.com,,: http://www.geraldineeast.com,470546
GILLHAMS SOLICITORS LLP,BRN,Second FloorEC4Y 1BJ,0207 353 2732,le@gillhams.com, 0207 353 2733,: http://www.gillhams.com,488442
GOLDKORN MATHIAS GENTLE PAGE LLP,HO,6 Coptic StreetWC1A 1NW,020 7631 1811,enquiries@gmgplegal.com, 020 7631 0431,: http://www.gmgplegal.com,508155
GOODMAN DERRICK LLP,HO,90 Fetter LaneEC4A 1PT,020 7404 0606,pstudd@gdlaw.co.uk, 020 7831 6407,: http://www.gdlaw.co.uk,446195
GORDONS PARTNERSHIP LLP,HO,22 Great James StreetWC1N 3ES,020 7421 9421,operations@sra.org.uk, 020 7421 9422,: http://www.gordonsols.co.uk,427846
GORDONS PARTNERSHIP LLP,BRN,St. Marys ChambersGU1 3UA,01483 451 900,operations@sra.org.uk, 01483 451 888,,427847
GRAY & CO,HO,Habib HouseM1 1DB,0161 237 3360,grayco@grayand.co.uk, 0161 236 6717,: http://www.grayand.co.uk,192574
GREENBERG TRAURIG MAHER LLP,HO,31st FloorEC3A 8EP,0203 349 8700,operations@sra.org.uk, 0207 900 3632,: http://www.gtmlaw.com,512894
GREENWOODS SOLICITORS LLP,HO,Monkstone HousePE1 1JE,01733 887700,mail@greenwoods.co.uk, 01733 887701,: http://www.greenwoods.co.uk,401162
GREGORY ABRAMS DAVIDSON LLP,HO,20-24 Mathew StreetL2 6RE,0151 236 5000,info@gadllp.co.uk, 0151 330 2002,: http://www.gadllp.co.uk,440493
GREGORY ROWCLIFFE MILNERS,HO,1 Bedford RowWC1R 4BZ,020 7242 0631,law@grm.co.uk, 020 7242 6652,: http://www.grm.co.uk,68427
GRID LAW LIMITED,HO,Melbury HouseBH8 8ES,01202 961342,dwalker@gridlaw.com, 01202 961351,: http://www.gridlaw.com,428769
GROSS & COMPANY,HO,83-84 Guildhall StreetIP33 1LN,01284 763333,operations@sra.org.uk, 01284 762207,: http://www.gross.co.uk,50298
GROVES & CO,HO,58 Croftdown RoadNW5 1EN,020 7482 4929,operations@sra.org.uk,,,407473
GSC SOLICITORS LLP,HO,31-32 Ely PlaceEC1N 6TD,0207 822 2222,info@gscsolicitors.com, 0207 822 2211,: http://www.gscsolicitors.com,510849
H C L S LLP,HO,4th FloorW1K 4LP,0207 499 4779,info@hamblelaw.com, 0207 629 4948,: http://www.hamblelaw.com,513195
H2O LAW LLP,HO,20-21 Took's CourtEC4A 1LB,020 7405 4700,enquries@h2o-law.com, 020 7061 9461,: http://www.h2o-law.com,403079
HAL MANAGEMENT LIMITED,HO,Hanover HouseW1S 1HP,020 76675000,operations@sra.org.uk, 020 7667 5100,,267804
HAL NOMINEES LIMITED,HO,Hanover HouseW1S 1HP,020 7667 5000,operations@sra.org.uk, 020 7667 5100,,80256
HALL & CO,HO,Flat 5  156 Sutherland AvenueW9 1HP,2072894318,hall888@btinternet.com,2078068164,,287490
HALLIWELLS LLP,HO,3 Hardman SquareM3 3EB,0844 875 8000,operations@sra.org.uk, 0844 875 8001,: http://www.halliwells.com,402773
HALLIWELLS LLP,BRN,City PlazaS1 2GU,0114 229 8000,operations@sra.org.uk, 0114 229 8001,,402775
HALLIWELLS LLP,BRN,1 Threadneedle StreetEC2R 8AW,0870 365 8000,operations@sra.org.uk, 0870 365 8001,,402776
HALLIWELLS LLP,BRN,100 Old Hall StreetL3 9TD,0151 237 7777,operations@sra.org.uk, 0150 237 7676,,408409
HAMLINS LLP,HO,Roxburghe HouseW1B 2AD,020 7355 6000,operations@sra.org.uk, 020 7518 9100,: http://www.hamlins.co.uk,440628
HAMMONDS,BRN,7 Devonshire SquareEC2M 4YH,0870 839 0000,operations@sra.org.uk, 020 7655 1001,: http://www.hammonds.com,327164
HAMMONDS LLP,HO,7 Devonshire SquareEC2M 4YH,0870 839 0000,enquiries@hammonds.com, 0870 839 1001,: http://www.hammonds.com,485150
HANOVER HOUSE TRUST COMPANY,HO,14 Hanover SquareW1S 1HP,020 7667 5000,operations@sra.org.uk, 020 7667 5100,,80257
HANOVER SOLICITORS,HO,58-60 Kensington Church StreetW8 4DB,0870 383 1974,info@hanoversolicitors.co.uk, 020 7117 1591,: http://www.hanoversolicitors.co.uk,421633
HANSEL HENSON LLP,HO,3rd FloorW1T 1PH,0207 307 5145,tmh@hanselhenson.com, 0207 504 8717,: http://www.hanselhenson.com,515395
HARAZI,HO,Unit 14  Eurolink Business CenSW2 1BZ,020 7733 4099/4165,legal-harazi@tiscali.co.uk, 020 7733 4165,,50620
HARBOTTLE & LEWIS LLP,HO,14 Hanover SquareW1S 1HP,020 7667 5000,hal@harbottle.com, 020 7667 5100,: http://www.harbottle.com,385792
HART JACKSON HALL SMITH,HO,Watson HouseNE1 6QE,0191 261 5181,peterhall@hjhs.uk.com, 0191 222 1694,: http://www.hjhs.uk.com,383460
HARVEY INGRAM LLP,HO,20-40 New WalkLE1 6TX,0116 254 5454,mail@harveyingram.com, 0116 255 4559,: http://www.harveyingram.com,419676
HAYNES ORME,HO,3 Bolt CourtEC4A 3DQ,020 7356 0990,viviennehaynes@haynesorme.com, 020 7936 2237,: http://www.haynesorme.com,510887
HBJ GATELEY WAREING LLP,HO,One Eleven Edmund StreetB3 2HJ,0121 234 0000,name@hbj-gw.com, 0121 234 0001,: http://www.hbjgateleywareing.com,401265
HBJ GATELEY WAREING LLP,BRN,Knightsbridge HouseLE1 5NL,0116 285 9000,operations@sra.org.uk, 0116 285 9001,,401266
HBJ GATELEY WAREING LLP,BRN,City Gate EastNG1 5FS,0115 983 8200,operations@sra.org.uk, 0115 983 8201,,401267
HBJ GATELEY WAREING LLP,BRN,Fleet Place HouseEC4M 7RF,020 7645 9000,operations@sra.org.uk, 020 7645 9001,,463790
HEDLEYS SOLICITORS LLP,HO,6 Bishopsmead ParadeKT24 6SR,01483 284567,operations@sra.org.uk, 01483 284817,: http://www.hedleys-solicitors.co.uk,420576
HEMPSONS,BRN,The ExchangeHG1 1DY,01423 522 331,harrogate@hempsons.co.uk, 01423 724 047,: http://www.hempsons.co.uk,200996
HENRI BRANDMAN & CO,HO,71 Wimpole StreetW1G 8AY,020 7224 0616,hblaw@henribrandman.co.uk, 020 7487 5617,: http://www.henribrandman.co.uk,70284
HERBERT REEVES & CO,HO,44 Great Eastern StreetEC2A 3EP,020 7739 6660,operations@sra.org.uk, 020 7739 1052,,57998
HERBERT SMITH LLP,HO,Exchange HouseEC2A 2HS,020 7374 8000,operations@sra.org.uk, 020 7374 0888,: http://www.herbertsmith.com,419682
HEWITSONS LLP,HO,Shakespeare HouseCB5 8EP,01223 461155,mail@hewitsons.com, 01223 316511,: http://www.hewitsons.com,487681
HEWITSONS LLP,BRN,7 Spencer ParadeNN1 5AB,01604 233233,mail@hewitsons.com, 01604 627 941,: http://www.hewitsons.com,487683
HEWITSONS LLP,BRN,Exchange HouseMK9 2EA,01908 247020,mail@hewitsons.com, 01908 247020,: http://www.hewitsons.com,487684
HEWITSONS LLP,BRN,1 Billing RoadNN1 5DB,01604 627941,mail@hewitsons.com, 01604 627941,: http://www.hewitsons.com,487686
HGF LAW,HO,Belgrave HallLS2 8DD,0113 233 0148,law@hgf-law.com,1132330141,: http://www.hgf-law.com,362797
HGF LAW,BRN,Lincolns Inn ChambersWC2A 1JA,2074408900,law@hgf-law.com,2074408901,: http://www.hgf-law.com,497592
HILL DICKINSON LLP,BRN,50 Fountain StreetM2 2AS,0161 817 7200,law@hilldickinson.com, 0161 278 8801,: http://www.hilldickinson.com,424854
HILL HOFSTETTER LLP,HO,Trigen HouseB90 8AB,0121 210 6000,operations@sra.org.uk, 0121 210 6499,: http://www.hillhofstetter.com,497607
HJHS,HO,Watson HouseNE1 6QE,0191 261 5181,operations@sra.org.uk, 0191 222 1694,: http://www.hjhs.uk.com,461808
HOGAN & HARTSON,HO,Juxon HouseEC4M 8BU,020 7367 0200,operations@sra.org.uk, 020 7367 0220,: http://www.hhlaw.com,289167
HOLMAN FENWICK WILLAN LLP,HO,Friary CourtEC3N 2AE,+44 (0) 20 7264 8000,holmans@hfw.com, +44 (0) 20 7264 8888,: http://www.hfw.com,509977
HOPKINS SOLICITORS LLP,HO,Eden CourtNG19 7AE,01623 468 468,info@hopkins-solicitors.co.uk, 01623 466 200,: http://www.hopkins-solicitors.co.uk,462164
HOWARD KENNEDY,HO,19 Cavendish SquareW1A 2AW,020 7636 1616,enquiries@howardkennedy.com, 020 7664 4533,: http://www.howardkennedy.com,54052
HRO GRANT DAWE LLP,HO,First Floor  Block 6W6 9HA,2073862240,london@hro.com,2030103054,: http://www.hro.com,441922
HUNT & LISNERS,HO,7 Yew Tree LaneNN6 8HL,01604 846 705,jhunt@onetel.com, 01604 842 884,,268245
HUNT & LISNERS,BRN,69 Holders Hill DriveNW4 1NN,020 820 23746,johnlisners@btinternet.com, 020 8457 9036,,450891
HUNTON & WILLIAMS,HO,30 St. Mary AxeEC3A 8EP,020 7220 5700,info@hunton.com, 020 7220 5772,: http://www.hunton.com,310460
IEI SOLICITORS,HO,Suites 316/317HA8 7BJ,0208 9527047,admin.london@ieisolicitors.co.uk, 0208 9525541,,488376
IEI SOLICITORS,BRN,Bank HouseB18 5AA,0121 554 6445,contact@ieisolicitors.co.uk, 0121 270 2326,: http://www.ieisolicitors.co.uk,510865
IEI SOLICITORS,BRN,Suite 39B The Royal Business CNR2 4SF,01603 283621,operations@sra.org.uk, 01603 283622,,510866
INGRAM WINTER GREEN,HO,Bedford HouseWC1N 2BF,020 7845 7400,info@iwg.co.uk, 020 7845 7401,: http://www.iwg.co.uk,78010
INNSTEP (NOMINEES) LIMITED,HO,1 Park RowLS1 5AB,0113 244 5000,operations@sra.org.uk, 0113 244 8000,: http://www.pinsentmasons.com,203686
INNSTEP (NOMINEES) LIMITED,BRN,CitypointEC2Y 9AH,020 7418 7000,operations@sra.org.uk, 020 7418 7050,: http://www.pinsentmasons.com,203690
INNSTEP (NOMINEES) LIMITED,BRN,3 Colmore Circus QueenswayB4 6BH,0121 200 1050,operations@sra.org.uk, 0120 626 1040,,203691
INNSTEP (NOMINEES) LIMITED,BRN,Woodbridge HouseEC1R 0ER,0207 490 4000,operations@sra.org.uk, 020 7490 2545,: http://www.pinsentmasons.com,423516
INNSTEP (NOMINEES) LIMITED,BRN,33-35 Queen SquareBS1 4LU,0117 924 5678,operations@sra.org.uk, 0117 924 6699,,423518
IPS LAW LLP,HO,5 RidgefieldM2 6EG,0161 830 4710,info@ipslaw.co.uk, 0161 830 4711,: http://www.ipslaw.co.uk,442925
IRWIN MITCHELL LLP,BRN,2 Wellington PlaceLS1 4BZ,0870 1500 100,enquiries@irwinmitchell.com, 0113 234 3322,: http://www.irwinmitchell.com,511873
ISAAC & CO,HO,15 Polstead RoadOX2 6TW,01865 516449,info@isaacandco.com,,: http://www.isaacandco.com,465847
IZOD EVANS,HO,The Hop ExchangeSE1 1TY,020 701 51850,mail@izodevans.co.uk, 020 701 51851,: http://www.izodevans.co.uk,73327
J BENSON SOLICITORS,HO,Suite 314NW6 4BT,0207 316 1884,info@jbensonsolicitors.com, 0207 624 3629,,515274
J D LAW LLP,HO,Temple Bar HouseEC4Y 1AA,0207 438 0990,operations@sra.org.uk, 0207 438 0999,: http://www.jd-law.co.uk,523028
J E STEVENSON,HO,Regent HouseW1H 5YN,020 7725 7031,operations@sra.org.uk, 020 7725 7032,,518558
J P MITCHELL,HO,KBC ExchangeKT2 5AA,0208 547 4141,james@jpmitchell.co.uk, 0208 547 1569,: http://www.jpmitchell.co.uk,398377
JAMES WARE BAXTER SCHOENFELD LLP,HO,6 Gray's Inn SquareWC1R 5AX,0207 269 9022,joanna.stephenson@jwbsllp.com, 0207 404 7275,,489381
JANE MOORE SOLICITORS,HO,Pauls FarmTN11 8RX,01732 835555,jane@janemoorelaw.com,,,485511
JEFFREY GREEN RUSSELL,HO,Waverley HouseW1F 8GQ,020 7339 7000,operations@sra.org.uk, 020 7339 7001,: http://www.jgrweb.com,50149
JENNINGS IP AND MEDIA SOLICITORS,HO,Lodge FarmTN15 0NE,01732 762340,peter.jennings@jenningsipandmedialaw.co.uk, 01732 762055,: http://www.jenningsipandmedialaw.co.uk,516687
JENS HILLS SOLICITORS LLP,HO,Northburgh HouseEC1V 0AT,020 7490 8160,operations@sra.org.uk, 020 7490 8140,,482887
JMW SOLICITORS LLP,HO,1 Byrom PlaceM3 3HG,0845 402 0001,enquiries@jmw.co.uk, 0161 828 1827,: http://www.jmw.co.uk,508380
JOHN BYRNE & CO,HO,Sheraton HouseCB3 0AX,01223 370063,jb@johnbyrne.co.uk, 01223 307 277,,63403
JOHN FOWLERS LLP,HO,Town Hall ChambersCO1 1DS,01206 576151,info@johnfowlers.co.uk, 01206 761916,: http://www.johnfowlers.co.uk,472819
JOHN GAUNT & PARTNERS,HO,Omega CourtS11 8FT,0114 266 8664,post@john-gaunt.co.uk, 0114 266 0101,: http://www.john-gaunt.co.uk,173393
JOHN IRELAND & CO,HO,57 Elgin CrescentW11 2JU,020 7792 1666,john@johnirelandandco.net, 08700 516 570,: http://www.johnirelandandco.net,365603
JOHNS & SAGGAR,HO,233a Kentish Town RoadNW5 2JT,020 7267 6744,info@johnsandsaggar.co.uk, 020 7284 2355,: http://www.johnsandsaggar.co.uk.,74820
JONES CLARKE LIMITED,HO,14 Damson WayAL4 9XU,01727 845101,karenjones@jonesclarke.com, 01727 845101,: http://www.jonesclarke.com,428821
JONES DAY,HO,21 Tudor StreetEC4Y 0DJ,020 7039 5959,operations@sra.org.uk, 020 7039 5999,: http://www.jonesday.com,223597
JURIS LAW,HO,Suite 20SW16 2BF,0208 835 7011,info@jurislawuk.com, 0208 588 0708,: http://www.jurislawuk.com,534467
K&L GATES LLP,HO,110 Cannon StreetEC4N 6AR,0207 648 9000,operations@sra.org.uk, 0207 648 9001,: http://www.klgates.com,408245
KEALY FARMAR LLP,HO,73a Bell StreetRG9 2BD,01491 410393,rkealy@btconnect.com, 01491 410431,: http://www.kealyfarmar.co.uk,488696
KEEBLE HAWSON,HO,Old Cathedral VicarageS1 1XA,0114 272 2061,email@keeblehawson.co.uk, 0114 270 0813,: http://www.keeblehawson.co.uk,281857
KEEBLE HAWSON,BRN,Protection HouseLS1 2BR,0113 244 3121,email@keeblehawson.co.uk, 0113 243 1100,: http://www.keeblehawson.co.uk,281860
KEEBLE HAWSON,BRN,5-7 Regent TerraceDN1 2EE,1302366831,email@keeblehawson.co.uk,1302329718,: http://www.keblehawson.co.uk,465686
KEMP LITTLE LLP,HO,Cheapside HouseEC2V 6BJ,020 7600 8080,emma.cox@kemplittle.com, 020 7600 7878,: http://www.kemplittle.com,346477
KERMAN & CO LLP,HO,200 StrandWC2R 1DJ,2075397272,cag@kermanco.com,2072405780,: http://www.kermanco.com,382661
KESTER CUNNINGHAM JOHN,BRN,Trafalgar HouseNR7 0TA,01603 703 070,enquiries@kcj.co.uk, 01603 703075,: http://www.kestercunninghamjohn.co.uk,402109
KEYSTONE LAW LIMITED,HO,Matrix StudiosSW6 3BU,020 7152 6550,enquiries@keystonelaw.co.uk, 0845 4589398,: http://www.keystonelaw.co.uk,400999
KING PRIOR MACDONALD BRIDGE,HO,1 Lord StreetDA12 1AW,01474 325678,reception@kingprior.co.uk, 01474 569482,: http://www.kingprior.co.uk,54183
KING PRIOR MACDONALD BRIDGE,BRN,Forge HouseME3 9RD,01634 272720,mclaw@f2s.com, 01634 272721,: http://www.kingprior.biz,463747
KINGSLEY NAPLEY LLP,HO,Knights QuarterEC1M 4AJ,0207 814 1200,info@kingsleynapley.co.uk, 0207 490 2288,: http://www.kingsleynapley.co.uk,500046
KIRKLAND & ELLIS INTERNATIONAL LLP,HO,30 St. Mary AxeEC3A 8AF,020 7469 2000,operations@sra.org.uk, 020 7469 2001,: http://www.kirkland.com,349107
KIRWANS,HO,363 Woodchurch RoadCH42 8PE,0151 608 9078,dsk@kirwanssolicitors.co.uk, 0151 609 0030,: http://www.kirwanssolicitors.co.uk,71723
KIRWANS,BRN,236-238 Hoylake RoadCH46 6AD,0151 677 3433,dsk@kirwanssolicitors.co.uk, 0151 641 8509,: http://www.kirwanssolicitors.co.uk,387278
KIRWANS,BRN,6th FloorL2 3SX,0151 229 5600,info@kirwanssolicitors.co.uk, 0151 229 5601,: http://www.kirwanssolicitors.co.uk,443232
KJD,HO,Churchill HouseST1 3RQ,01782 202020,paul.owen@kjd.co.uk, 01782 202040,: http://www.kjd.co.uk,54064
KLEIN SOLICITORS LIMITED,HO,42 Brook StreetW1K 5DB,0207 958 9080,gk@kleinsolicitors.com,2079006375,: http://www.kleinsolicitors.com,450437
KNIGHTS SOLICITORS LLP,HO,The BramptonST5 0QW,01782 619225,susan.carnwell@knightsllp.co.uk, 01782 712522,: http://www.knightsllp.co.uk,484838
KRIS SEN SOLICITORS,HO,62 Pendle RoadSW16 6RU,020 8769 7125,kris.sen@kssolicitors.com, 020 8769 7125,,384722
LAING & CO,HO,1 Langbourne AvenueN6 6AJ,0208 341 1147,info@laingandco.com, 0208 341 6865,: http://www.laingandco.com,402884
LANGLEYS,HO,Olympic HouseLN6 3SE,01522 888 555,operations@sra.org.uk, 01522 888 556,: http://www.langleys.co.uk,53608
LANGLEYS,BRN,Queens HouseYO1 6WG,01904 610886,operations@sra.org.uk, 01904 611086,: http://www.langleys.co.uk,53611
LANGLEYS,BRN,Great North RoadNG24 1BY,01636 706508,operations@sra.org.uk, 01522 888556,,302327
LAST CAWTHRA FEATHER LLP,BRN,24c Josephs WellLS3 1AB,01274 390 644,enquiries@lcf.co.uk,,: http://www.lcf.co.uk,490998
LATHAM & WATKINS (LONDON) LLP,HO,99 BishopsgateEC2M 3XF,020 7710 1000,operations@sra.org.uk, 020 7374 4460,: http://www.lw.com,203820
LAURENCE BROWN SOLICITOR,HO,27 Sutherland PlaceW2 5BZ,0207 792 9727,lb@laurencewbrown.com,,: http://www.laurencewbrown.com,491742
LAURENCE KAYE SOLICITOR,HO,Wisley HouseWD7 8DD,01923 352 117,laurie@laurencekaye.com, 08701 306 688,: http://www.laurencekaye.com,364720
LAURENCE ROSS & ASSOCIATES,HO,34 Watling StreetWD7 7NN,01923 85 0099,legal@rosslaw.co.uk, 01923 85 0585,: http://www.rosslaw.co.uk,284516
LAWANA & CO SOLICITORS,HO,1-2SE13 6TT,0208 461 0700,g.lawana@btconnect.com, 0208 695 0507,,472876
LAWDIT SOLICITORS LIMITED,HO,1 Brunswick PlaceSO15 2AN,+44 (0)23 8023 5979,info@lawdit.co.uk, +44 (0)23 8063 2849,: http://www.lawdit.co.uk,382025
LAWDIT SOLICITORS LIMITED,BRN,Innovation CentrePO30 5WB,01983 550536,info@lawdit.co.uk, 02380 632849,: http://WWW.LAWDIT.CO.UK,426432
LAWGRAM DIRECTORS LIMITED,HO,4 More London RiversideSE1 2AU,020 7379 0000,info@lg-legal.com, 020 7379 6854,: http://www.lg-legal.com,292095
LAWGRAM DIRECTORS LIMITED,BRN,61 St. Mary AxeEC3A 8JN,,operations@sra.org.uk,,,292097
LAWGRAM SECRETARIES LIMITED,HO,4 More London RiversideSE1 2AU,020 7379 0000,info@lg-legal.com, 020 7379 6854,: http://www.lg-legal.com,79753
LAWGRAM SECRETARIES LIMITED,BRN,61 St. Mary AxeEC3A 8JN,020 7379 0000,operations@sra.org.uk, 020 7480 5156,,79754
LAWGRAM TRUSTEE AND NOMINEE COMPANY,HO,4 More London RiversideSE1 2AU,020 7379 0000,info@lg-legal.com, 020 7379 6854,: http://www.lg-legal.com,79763
LAWMATIX LLP,HO,43 Drummond WaySK10 4XJ,01625 828877,lucy.inger@lawmatix.com, 01625 827016,: http://www.lawmatix.com,450045
LAWMATIX LLP,BRN,20 Carlisle CloseM45 6TH,0161 773 8000,amanda.kearsley@lawmatix.com,,: http://www.lawmatix.com,450046
LAWRENCE GRAHAM LLP,HO,4 More London RiversideSE1 2AU,020 7379 0000,info@lg-legal.com, 020 7379 6854,: http://www.lg-legal.com,403621
LAWRENCE GRAHAM TRUST CORPORATION,HO,4 More London RiversideSE1 2AU,020 7379 0000,info@lg-legal.com, 020 7379 6854,: http://www.lg-legal.com,79755
LAWRENCE STEPHENS,HO,Morley HouseEC1A 2AT,0207 935 1211,sbernstein@lawstep.co.uk, 0207 935 1213,: http://www.lawrencestephens.com,222844
LAYTONS,HO,50 Victoria EmbankmentEC4Y 0LS,020 7842 8000,laytons@laytons.com, 020 7842 8080,: http://www.laytons.com,76357
LAYTONS,BRN,Tempus CourtGU1 4SS,01483 407000,guildford@laytons.com, 01483 407070,: http://www.laytons.com,76359
LAYTONS,BRN,22 St. John StreetM3 4EB,0161 214 1600,manchester@laytons.com, 0161 214 1661,: http://www.laytons.com,76360
LEATHES PRIOR,HO,74 The CloseNR1 4DR,01603 610911,info@leathesprior.co.uk, 01603 610088,: http://www.leathesprior.co.uk,53782
LECOTE SOLICITORS,HO,29 Bishops RoadB73 6HX,07870 164686,andrewsparrow@lecote.com,,: http://www.lecote.com,366540
LEE & PRIESTLEY LLP,HO,10-12 East ParadeLS1 2AJ,0845 129 2300,info@leepriestley.com, 0845 129 2301,: http://www.leepriestley.com,459757
LEE & THOMPSON,HO,Greengarden HouseW1U 1NL,020 7935 4665,mail@leeandthompson.com, 020 7563 4949,: http://www.leeandthompson.com,53820
LEONARD LOWY & CO,HO,85-87 Bayham StreetNW1 0AG,0207 788 4333,lowy@leonardlowy.co.uk, 0870 880 9435,: http://www.leonardlowy.co.uk,300385
LEWIS SILKIN LLP,HO,5 Chancery LaneEC4A 1BL,0207 074 8000,ian.jeffrey@lewissilkin.com, 020 7864 1200,: http://www.lewissilkin.com,439493
LEWIS SILKIN LLP,BRN,King Charles HouseOX1 1JD,01865 263070,info@lewissilkin.com, 01865 724224,: http://www.lewissilkin.com,439514
LGML TRUSTEE AND NOMINEE COMPANY,HO,4 More London RiversideSE1 2AU,020 7379 0000,info@lg-legal.com, 020 7379 6854,: http://www.lg-legal.com,79761
LINDER MYERS LLP,HO,Phoenix HouseM2 4JF,0161 832 6972,law@lindermyers.co.uk, 0161 834 0718,: http://www.lindermyers.co.uk,493392
LINDER MYERS LLP,BRN,212a Finney LaneSK8 3QA,0161 437 8222,operations@sra.org.uk, 0161 499 0656,: http://www.lindermyers.co.uk,493394
LINDER MYERS LLP,BRN,Irelands MansionSY1 1SQ,01743 231491,operations@sra.org.uk, 01743 242275,,495507
LINDER MYERS LLP,BRN,4 Claremont BankSY1 1RS,,operations@sra.org.uk,,,522160
LINDER MYERS LLP INCORPORATING ROSTRONS,BRN,21 Park StreetFY8 5LU,01253 733101,operations@sra.org.uk, 01253 733114,,515416
LINKLATERS LLP,HO,One Silk StreetEC2Y 8HQ,020 7456 2000,operations@sra.org.uk, 020 7456 2222,: http://www.linklaters.com,460682
LOCKHARTS,HO,Tavistock House SouthWC1H 9LS,020 7383 7111,alm@lockharts.co.uk, 020 7383 7117,: http://www.lockharts.co.uk,173982
LOVELLS LLP,HO,Atlantic HouseEC1A 2FG,020 7296 2000,operations@sra.org.uk, 020 7296 2001,: http://www.lovells.com,449616
LUPTON FAWCETT LLP,HO,Yorkshire HouseLS1 5BD,0113 280 2000,law@luptonfawcett.com, 0113 280 2193,,438945
M LAW LLP,HO,3 Charlotte MewsW1T 4DZ,0207 927 6240,info@mlaw.co.uk, 0207 168 8458,: http://www.mlaw.co.uk,523200
MACFARLANES LLP,HO,20 Cursitor StreetEC4A 1LT,0207 831 9222,operations@sra.org.uk, 0207 831 9607,: http://WWW.MACFARLANES.COM,486980
MACINTYRE CLARK LLP,HO,17a-19 Harcourt StreetW1H 4HF,,operations@sra.org.uk,,,517894
MACINTYRE CLARK LLP,BRN,Colmore PlazaB4 6AT,0121 285 0568,operations@sra.org.uk,,: http://www.macintyreclark.com,534153
MACINTYRE CLARK LLP,BRN,11th FloorM1 3BN,0161 850 0741,operations@sra.org.uk,,: http://www.macintyreclark.com,534154
MAGRATH LLP,HO,66-67 Newman StreetW1T 3EQ,020 7495 3003,magrath@magrath.co.uk, 020 7317 6711,: http://www.magrath.co.uk,484817
MANCHES LLP,HO,Aldwych HouseWC2B 4RP,020 7404 4433,manches@manches.com, 020 7430 1133,: http://www.manches.com,399126
MANCHES LLP,BRN,Oxford Business ParkOX4 2HN,01865 722106,operations@sra.org.uk, 01865 201012,: http://www.manches.com,399128
MARK WEBSTER & PARTNERS,HO,Southwick HouseKT8 9JR,020 8224 1308,m.websterq@me.com, 020 8224 1308,,176339
MARKS & CLERK SOLICITORS LLP,HO,90 Long AcreWC2E 9RA,020 7420 0250,solicitors@marks-clerk.com, 020 7420 0255,: http://www.marks-clerk.com,508580
MARKS & CLERK SOLICITORS LLP,BRN,66-68 Hills RoadCB2 1LA,01223 345539,solicitors@marks-clerk.com,,,509971
MARRIOTT HARRISON,HO,Staple CourtWC1V 7QH,0207 209 2000,email@marriottharrison.co.uk, 0207 209 2001,: http://www.marriottharrison.com,61100
MARSHALL GLOVER LIMITED,BRN,1 Middle StreetLA1 1JZ,01524 616 60,operations@sra.org.uk, 01524 298 932,: http://www.marshallglover.com,493595
MARSHALLCOX SOLICITORS,BRN,45 Castle StreetRG1 7SR,0118 957 0309,marshalcox@pitmans.com, 0118 957 0333,,387583
MARTINE ALAN,HO,271 Regent StreetW1B 2ES,0203 089 4086,martine@martinealan.co.uk,,: http://www.myspace.com/martinealan,490212
MARTINEAU,HO,1 Colmore SquareB4 6AA,0870 763 2000,lawyers@martineau-uk.com, 0870 763 2001,: http://www.martineau-uk.com,54746
MATTHEW ARNOLD & BALDWIN LLP,HO,21 Station RoadWD17 1HT,01923 202020,info@mablaw.co.uk, 01923 215050,: http://www.mablaw.co.uk,508037
MATTHEW ARNOLD & BALDWIN LLP,BRN,401 Grafton Gate EastMK9 1AQ,01908 687 880,info@mablaw.co.uk, 01908 687 881,: http://www.mablaw.co.uk,510136
MATTHEW ARNOLD & BALDWIN LLP,BRN,85 Fleet StreetEC4Y 1AE,0207 936 4600,info@mablaw.co.uk, 0207 842 3300,: http://www.mablaw.co.uk,510137
MAX BITEL GREENE LLP,HO,1 Canonbury PlaceN1 2NG,020 7354 2767,office@mbg.co.uk, 020 7226 1210,: http://www.mbg.co.uk,465462
MAXWELL WINWARD LLP,HO,100 Ludgate HillEC4M 7RE,2076510000,k.oliver@maxwellwinward.com,2076514800,: http://www.maxwellwinward.com,462137
MAYER BROWN INTERNATIONAL LLP,HO,201 BishopsgateEC2M 3Af,020 3130 3000,info@mayerbrown.com, 020 3130 3001,: http://www.mayerbrown.com,369822
MAYO WYNNE BAXTER LLP,HO,Century HouseBN1 3FE,01273 775533,brighton@mayowynnebaxter.co.uk, 01273 207744,: http://www.mayowynnebaxter.co.uk,462206
MCCONNELL LAW,HO,98 Ennerdale RoadTW9 2DL,020 8255 9500,charlotte@mcconnelllaw.co.uk,,: http://www.mcconnelllaw.co.uk,470199
MCCORMICKS,HO,Wharfedale HouseHG1 5LQ,01423 530630,enquiries@mccormicks-solicitors.com, 01423 530709,: http://www.mccormicks-solicitors.com,68717
MCDANIEL & CO,HO,23 Portland TerraceNE2 1QS,0191 281 4000,legal@mcdanielandco.co.uk, 0191 281 4333,: http://www.mcdanielandco.co.uk,420112
MCDERMOTT WILL & EMERY UK LLP,HO,7 BishopsgateEC2N 3AR,020 7577 6900,operations@sra.org.uk, 020 7577 6950,: http://www.mwe.com,419702
MCEVEDYS,HO,96 Westbourne Park RoadW2 5PL,0207 243 6122,victoria@mcevedy.eu, 0207 022 1721,: http://www.mcevedy.eu.,465972
MCGRIGORS LLP,BRN,Century HouseEC4M 7BA,020 7054 2500,operations@sra.org.uk, 020 7054 2501,: http://www.mcgrigors.com,446390
MCGRIGORS LLP,BRN,The PinnacleM2 4NG,0161 662 8000,operations@sra.org.uk, 0161 662 8001,: http://www.mcgrigors.com,472868
MCKAY LAW  SOLICITORS & ADVOCATES,HO,26 Park Square WestLS1 2PL,0845 123 5571,lb@mckaylaw.co.uk, 0845 123 5572,: http://www.mckaylaw.co.uk,363932
MCTERNANS,HO,The Old Dairy  Cowslip HouseIP13 7JD,01728 627 929,smctlaw@aol.com,,: http://www.mcternan.co.uk,342127
MEDIA LAW CONSULTANCY LIMITED,HO,Studio 8NW5 1DJ,020 7482 3011,jan@jantomalin.com,,: http://www.medialawconsultancy.com,510495
MEDYCKYJ & CO,HO,12 Lauradale RoadN2 9LU,020 8442 0000,mail@medyckyj.co.uk, 020 8442 0800,: http://www.medyckyj.co.uk,287109
MEL GOLDBERG LAW,HO,Media HouseW1C 1AT,020 7355 0310,mg@melgoldberg.co.uk, 020 7487 5925,,487292
MEMERY CRYSTAL LLP,HO,44 Southampton BuildingsWC2A 1AP,020 7242 5905,hcowen@memerycrystal.com, 020 7242 2058,: http://www.memerycrystal.com,440524
METCALFES,HO,46-48 Queen SquareBS1 4LY,0117 929 0451,aheath@metcalfes.co.uk, 0117 929 9551,: http://www.metcalfes.co.uk,46921
MICHAEL SIMKINS LLP,HO,Lynton HouseWC1H 9LT,0207 874 5600,operations@sra.org.uk, 0207 874 5601,: http://www.simkins.com,424878
MICHELMORES LLP,HO,Woodwater HouseEX2 5WR,01392 688688,operations@sra.org.uk, 01392 360563,: http://www.michelmores.com,463401
MICHELMORES LLP,BRN,HarstonEX10 8LT,01395 512515,operations@sra.org.uk, 01395 578422,: http://www.michelmores.com,463403
MICHELMORES LLP,BRN,Clarges HouseW1J 8DH,020 7659 7660,operations@sra.org.uk, 020 7659 7661,: http://www.michelmores.com,463405
MIKE NORTHERN LEGAL,HO,7 Old Road WestDA11 0LH,01474 329961,mrln@mnlegal.co.uk, 08707 061978,: http://www.mnlegal.co.uk,383569
MILLS & REEVE LLP,BRN,1 St. James CourtNR3 1RU,01603 660155,info@mills-reeve.com, 01603 633027,: http://www.mills-reeve.com,464644
MINTZ LEVIN COHN FERRIS GLOVSKY AND POPEO LLP,HO,Alder CastleEC2V 7JX,020 7776 7300,sfoster@mintz.com, 020 7776 7301,: http://www.mintz.com,406593
MIRON BLUMENTAL,HO,43 Pall MallSW1Y 5JG,020 7930 9888,miron@miron.com, 020 7930 1888,,79962
MISHCON DE REYA,HO,Summit HouseWC1R 4QD,0207 4407000,postmaster@mishcon.com, 0207 4045982,: http://www.mishcon.com,68218
MITCHELL SOLICITORS,HO,Maxet HouseLU1 1RS,01582 414002,mitchellsolicitors@fsmail.net, 01582 400166,,426935
MITCHELL SOLICITORS,BRN,65 High StreetAL5 2SL,01582 414002,operations@sra.org.uk, 01582 400166,,490596
MITCHINERS,HO,31 Herne HillSE24 9NF,+44 (0) 20 8637 9165,info@mitchiners.com, +44 (0) 20 8637 9164,: http://www.mitchiners.com,420968
MLS CHASE LLP,HO,The CourtyardTW18 4XS,01784 225 850,info@mlschase.com, 01784 225 853,: http://www.mlscahse.com,510842
MODUS LEGAL,HO,104 Garden LaneCH1 4EY,01244 372584,james.pressley@moduslegal.co.uk, 01244 379 451,: http://www.moduslegal.co.uk/,450828
MOORCROFTS LLP,HO,James HouseSL7 1FJ,01628 470 000,info@moorcrofts.com, 01628 470 001,: http://www.moorcrofts.com,419658
MOORE BLATCH LLP,HO,11 The AvenueSO17 1XF,023 8071 8000,operations@sra.org.uk, 023 8033 2205,: http://www.mooreblatch.com,487618
MORGAN COLE,HO,Buxton CourtOX2 0SZ,01865 262600,info@morgan-cole.com, 01865 721367,: http://www.morgan-cole.com,289003
MORGAN COLE,BRN,Apex PlazaRG1 1AX,0118 955 3000,info@morgan-cole.com, 0118 939 3210,: http://www.morgan-cole.co.uk,289205
MORGAN COLE,BRN,3rd FloorRG1 3BJ,0118 955 3000,operations@sra.org.uk, 0118 955 3060,,331943
MORGAN COLE,BRN,3rd FloorBS1 3NX,0845 290 3800,operations@sra.org.uk, 0117 929 8063,,499628
MORRISON & FOERSTER (UK) LLP,HO,CitypointEC2Y 9AW,+44 (0)20 7920 4000,mmannell@mofo.com, +44 (0)20 7496 8500,: http://www.mofo.com,288135
MTA CORPORATE SOLICITORS LLP,HO,5 Bream's BuildingsEC4A 1DY,0207 061 3603,info@mtacorporate.com, 0207 061 3606,: http://www.mtacorporate.com,487379
MUCKLE LLP,HO,Time CentralNE1 4BF,0191 211 7777,enquiries@muckle-llp.com, 0191 211 7788,: http://www.muckle-llp.com,426530
MUNDAYS LLP,HO,Cedar HouseKT11 1AN,01932 590500,enq@mundays.co.uk, 01932 590220,: http://www.mundays.co.uk,423073
MYERS FLETCHER & GORDON,HO,15 Cambridge CourtW6 7NJ,020 7610 4433,mfg@mfglon.co.uk, 020 7610 4455,,176368
NABARRO LLP,HO,Lacon HouseWC1X 8RW,020 7524 6000,info@nabarro.com, 020 7524 6524,: http://www.nabarro.com,482386
NABARRO LLP,BRN,1 South QuayS2 5SY,0114 279 4000,info@nabarro.com, 0114 278 6123,: http://www.nabarro.com,482387
NAPTHENS LLP,HO,7 Winckley SquarePR1 3JD,01772 888444,operations@sra.org.uk, 01772 257805,: http://www.napthens.co.uk,462103
NC SPORTS LIMITED,HO,20-22 Bedford RowWC1R 4EB,,operations@sra.org.uk,,,518886
NEEDLEMAN TREON,HO,Meridien HouseW1H 5QJ,020 7723 0766,legal@ntlaw.co.uk, 020 7724 9878,: http://www.ntlaw.co.uk,206139
NEUMANS LLP,HO,Ocean HouseEC4V 2AR,020 7429 3900,mail@neumansllp.com, 020 7429 3901,: http://www.neumansllp.com,448865
NEW MEDIA LAW LLP,HO,3-4a Little Portland StreetW1W 7JB,0207 291 1670,ian.penman@newmedialaw.biz, 0207 291 1680,: http://www.newmedialaw.biz,360645
NEXUS SOLICITORS,HO,Carlton HouseM2 5PE,0161 819 4900,help@nexussolicitors.co.uk, 0161 819 4901,: http://www.nexussolicitors.co.uk,326467
NEXUS SOLICITORS,BRN,2 Swinton SquareWA16 6HH,01565 632152,help@nexussolicitors.co.uk, 01565 632154,: http://www.nexussolicitors.co.uk,490765
NICOLAOU SOLICITORS,HO,The Barn StudiosEN7 5JA,01707 877707,niclaw@tiscali.co.uk, 01707 877708,,272161
NOCKOLDS LLP,HO,6 Market SquareCM23 3UZ,01279 755777,post@nockolds.co.uk, 01279 757640,: http://www.nockolds.co.uk,471945
NORTHROP MCNAUGHTAN DELLER,HO,18c Pindock MewsW9 2PY,0207 289 7300,nmd@nmdsolicitors.com, 0207 286 9555,: http://www.nmdsolicitors.com,404267
NORTON ROSE LLP,HO,3 More London RiversideSE1 2AQ,020 7283 6000,operations@sra.org.uk, 020 7283 6500,: http://www.nortonrose.com,466517
NOVALEX LIMITED,HO,Midsummer CourtMK9 2UB,01908 440 020,karen.mason@novalex.co.uk, 01234 712 081,: http://www.novalex.co.uk,520354
OLSWANG LLP,HO,90 High HolbornWC1V 6XX,0207 067 3000,london@olswang.com, 0207 067 3999,: http://www.olswang.com,508035
OLSWANG LLP,BRN,Apex PlazaRG1 1AX,0207 067 3000,thamesvalley@olswang.com, 0207 071 7499,: http://www.olswang.com,511774
ORIGIN LIMITED,HO,Twisden WorksNW5 1DN,020 7424 1950,info@origin.co.uk, 020 7209 0643,: http://www.origin.co.uk,370039
ORRICK  HERRINGTON & SUTCLIFFE (EUROPE) LLP,HO,107 CheapsideEC2V 6DN,+44 207 562 5000,info@orrick.com, +44 207 628 0078,: http://www.orrick.com,515275
OSBORNE CLARKE,HO,2 Temple Back EastBS1 6EG,0117 917 3000,operations@sra.org.uk, 0117 917 3005,: http://www.osborneclarke.com,58540
OSBORNE CLARKE,BRN,One London WallEC2Y 5EB,020 7105 7004,operations@sra.org.uk, 020 7105 7005,,58542
OSBORNE CLARKE,BRN,Apex PlazaRG1 1AX,0118 925 2000,operations@sra.org.uk, 0118 925 0038,,270441
OSBORNE CLARKE NOMINEES LTD,HO,2 Temple Back EastBS1 6EG,,operations@sra.org.uk,,,78843
OSBORNE CLARKE PENSION TRUSTEES LIMITED,HO,2 Temple Back EastBS1 6EG,,operations@sra.org.uk, 0117 927 9209,,80586
OSBORNE CLARKE PROJECTS LIMITED,HO,2 Temple Back EastBS1 6EG,0117 917 3000,operations@sra.org.uk, 0117 917 3005,,488937
OSBORNE CLARKE PROJECTS LIMITED,BRN,1 London WallEC2Y 5EB,020 7105 7000,operations@sra.org.uk,,,488942
OSBORNE CLARKE PROJECTS LIMITED,BRN,Apex PlazaRG1 1AX,0118 925 2000,operations@sra.org.uk,,,488944
OSBORNE CLARKE TRUSTEES LIMITED,HO,2 Temple Back EastBS1 6EG,,operations@sra.org.uk,,,199769
P GANZ & CO,HO,Hawks Hill StudioME9 8HE,01795 830009,penny.ganz@ganzlegal.com, 01795 830195,,349649
P RUSSELL & CO,HO,Suite 61W6 9LZ,0208 233 2943,info@prcsolicitors.com, 020 8233 2944,,76114
PANNONE LLP,HO,123 DeansgateM3 2BU,0161 909 3000,operations@sra.org.uk, 0161 909 4444,: http://www.pannone.com,437752
PARK SQUARE (LEEDS) NOMINEES  LIMITED,HO,1 Park RowLS1 5AB,0113 244 5000,operations@sra.org.uk, 0113 244 8000,: http://www.pinsentmasons.com,79788
PAUL ROBERTS SOLICITORS,HO,60 Mark LaneEC3R 7ND,020 7264 0500,lawyer@prlaw.net, 0207 2640501,: http://www.prlaw.net,326773
PAUL WEISS RIFKIND WHARTON & GARRISON LLP,HO,Alder CastleEC2V 7JU,020 7367 1600,operations@sra.org.uk, 020 7367 1650,: http://www.paulweiss.com,389756
PAYNE HICKS BEACH,HO,10 New SquareWC2A 3QG,020 7465 4300,mail@phb.co.uk, 020 7465 4463,: http://www.phb.co.uk,59098
PB LEGAL LIMITED,HO,International HouseRH10 1LE,01293 553000,info@pblegal.co.uk, 01293 553001,: http://www.pblegal.co.uk,447841
PEACHEY & CO LLP,HO,95 AldwychWC2B 4JF,020 7316 5200,email@peachey.co.uk, 020 7316 5222,: http://www.peachey.co.uk,420600
PEACOCK & CO,HO,94 High Street WimbledonSW19 5EG,020 8944 5290,office@peacock-law.co.uk, 020 8944 5303,: http://www.peacock-law.co.uk,74764
PENNINGTONS SOLICITORS LLP,HO,Abacus HouseEC2V 8AR,020 7457 3000,info@penningtons.co.uk, 020 7457 3240,: http://www.penningtons.co.uk,419867
PENNINGTONS SOLICITORS LLP,BRN,HighfieldGU7 1NS,01483 791800,info@penningtons.co.uk, 01483 424177,: http://www.penningtons.co.uk,419878
PENNINGTONS SOLICITORS LLP,BRN,da Vinci HouseRG21 4EQ,01256 407100,info@penningtons.co.uk, 01256 479 425,: http://www.penningtons.co.uk,419884
PETER ADEDIRAN INTERNET LAWYERS,HO,Davenport HouseE14 9RP,0207 510 9484,peter@peteradediran.com, 0207 510 9485,: http://www.peteradediran.com,511025
PETERS LANGSFORD DAVIES,HO,WestgatePL15 9AD,01566 772451,ld@peterslangsforddavies.com, 01566 774577,: http://www.peterslangsforddavies.com,67243
PILLSBURY WINTHROP SHAW PITTMAN LLP,HO,Tower 42  Level 23EC2N 1HQ,020 7847 9500,operations@sra.org.uk, 020 7847 9501,: http://www.pillsburylaw.com,372061
PINSENT MASONS LLP,HO,CitypointEC2Y 9AH,020 7418 7000,operations@sra.org.uk, 020 7418 7050,: http://www.pinsentmasons.com,471972
PINSENT MASONS LLP,BRN,30 Aylesbury StreetEC1R 0ER,020 7490 4000,operations@sra.org.uk, 020 7490 2545,: http://www.pinsentmasons.com,471974
PINSENT MASONS LLP,BRN,3 Colmore Circus QueenswayB4 6BH,0121 200 1050,operations@sra.org.uk, 0121 626 1040,: http://www.pinsentmasons.com,471975
PINSENT MASONS LLP,BRN,33-35 Queen SquareBS1 4LU,0117 924 5678,operations@sra.org.uk, 0117 924 6699,: http://www.pinsentmasons.com,471977
PINSENT MASONS LLP,BRN,1 Park RowLS1 5AB,0113 244 5000,operations@sra.org.uk, 0113 244 8000,: http://www.pinsentmasons.com,471978
PINSENT MASONS LLP,BRN,3 Hardman StreetM3 3AU,0161 234 8234,operations@sra.org.uk, 0161 234 8235,: http://www.pinsentmasons.com,471980
PITMANS,HO,47 Castle StreetRG1 7SR,0118 958 0224,sbrooker@pitmans.com, 0118 9517 939,: http://www.pitmans.com,57601
PITMANS,BRN,57 Castle StreetRG1 7SN,01189 580224,sbrooker@pitmans.com, 01189 517939,: http://www.pitmans.com,57602
PITMANS,BRN,1 Crown CourtEC2V 6LR,+44 (0) 20 7634 4620,operations@sra.org.uk, +44 (0) 20 7634 4621,: http://www.pitmans.co.uk,421151
PITMANS,BRN,The AnchorageRG1 2LU,0118 958 0224,sbrooker@pitmans.com, 0118 958 5097,: http://www.pitmans.com,443213
PITMANS SK SPORT & ENTERTAINMENT LLP,HO,1 Crown CourtEC2V 6LR,0118 957 0445,lharratt@pitmans.com, 0118 950 5901,,520802
PORTER DODSON,BRN,The QuadTA1 2PX,01823 625800,porterdodson@porterdodson.co.uk, 01823 625812,: http://www.porterdodson.co.uk,260817
POSTLETHWAITE & CO SOLICITORS,HO,11-15 Betterton StreetWC2H 9BP,0207 470 8805,rmp@postlethwaiteco.com,,: http://www.postlethwaiteco.com,385417
POWELL GILBERT LLP,HO,85 Fleet StreetEC4Y 1AE,020 3040 8000,zoe.butler@powellgilbert.com, 020 3040 8001,: http://www.powellgilbert.com,460035
PREISKEL & CO LLP,HO,5 Fleet PlaceEC4M 7RD,0207 332 5640,ronnie@preiskel.com, 0207 332 5641,: http://www.preiskel.com,390226
PRIMUS LEGAL LIMITED,HO,11-12 Southcombe StreetW14 0RA,0207 348 3407,sushil.g@primuslegal.com, 0207 084 7872,,497423
PRITCHARD ENGLEFIELD,HO,14 New StreetEC2M 4HE,020 7972 9720,po@pe-legal.com, 020 7972 9722,: http://www.pe-legal.com,79854
PRITCHETTS,HO,The MoatBS9 3HF,0117 307 0266,stephanie@pritchettslaw.com, 0117 330 8614,: http://www.pritchettslaw.com,521596
PROTOPAPAS SOLICITORS,HO,180 Tottenham Court RoadW1T 7PD,020 7636 2100,enquiries@protopapas.co.uk, 020 7636 2101,: http://www.protopapas.co.uk,73029
QUINN EMANUEL URQUHART OLIVER & HEDGES LLP,HO,16 Old BaileyEC4M 7EG,0207 653 2000,richardeast@quinnemanuel.com, 0207 653 2100,: http://www.quinnemanuel.com,488675
R G ELLIOTT LIMITED,HO,Great North HouseNE1 8ND,0191 233 9700,info@crutes.co.uk, 0191 233 9704,: http://www.crutes.co.uk,495375
RADCLIFFESLEBRASSEUR,HO,5 Great College StreetSW1P 3SJ,020 7222 7040,info@rlb-law.com, 020 7222 6208,: http://www.rlb-law.com,184739
RADCLIFFESLEBRASSEUR,BRN,5-6 Park PlaceLS1 2RU,0113 234 1220,operations@sra.org.uk, 0113 234 1573,: http://www.rlb-law.com,352499
RAFTERMARSH UK,HO,20 Apple AvenueNG24 3US,,terry@raftermarsh.com,,,490580
RAMSDENS SOLICITORS LLP,HO,Oakley HouseHD3 3AL,01484 558066,paul.joyce@ramsdens.co.uk, 01484 558083,: http://www.ramsdens.co.uk,440420
RANSONS,HO,10 Eastwick RoadKT12 5AW,01932 269448,mail@ransons.com, 01932 269449,: http://www.ransons.com,201570
REDD SOLICITORS LLP,HO,29 Cloth FairEC1A 7JQ,0207 776 4760,info@redd.eu, 0207 600 9868,: http://www.see-redd.com,406170
REED SMITH LLP,HO,The Broadgate TowerEC2A 2RS,020 3116 3000,reedsmith@reedsmith.com, 020 3116 3999,: http://www.reedsmith.com,389662
REGENTS SOLICITORS,HO,18 Whittles CroftM1 2DE,0161 265 6975,enquiries@regents-lawyers.co.uk, 0161 273 3075,: http://www.regents-lawyers.co.uk,496902
REYNOLDS PORTER CHAMBERLAIN LLP,HO,Tower Bridge HouseE1W 1AA,020 3060 6000,rpc@rpc.co.uk, 020 3060 7000,: http://www.rpc.co.uk,440566
RICHARD FREEMAN & CO,HO,13 Radnor WalkSW3 4BP,020 7351 5151,tcope@richardfreemanco.com, 020 7351 1697,,68446
RICHARD GRIFFITHS & CO,HO,86 Crane StreetSP1 2QD,01722 329966,rachael@richardgriffithsandco.com, 01722 329988,: http://www.richardgriffithsandco.com,283127
RICHARD GRIFFITHS & CO,BRN,30 Salisbury StreetSP4 7HD,1980626399,giles@richardgriffithsandco.com, 019 806 263 96,: http://www.richardgriffithsnadco.com,425933
RICHARD GRIFFITHS & CO,BRN,12b St. Mary StreetSN15 3JJ,01249 446300,rachael@richardgriffithsandco.com, 01249 446301,: http://www.richardgriffithsandco.com,467205
RISEAM SHARPLES,HO,2 Tower StreetWC2H 9NP,020 7836 9555,cas@rs-law.co.uk, 020 7836 9777,,265958
ROBERT CAIN LAW,HO,Bulls Head BarnMK16 8LP,01908 551 033,cain.r@tiscali.co.uk,,,524407
ROBERT LIZAR,HO,101 Princess RoadM14 4RB,0161 227 7777,info@robertlizar.com, 0161 227 7788,: http://www.robertlizar.com,53298
ROCHMAN LANDAU LLP,HO,Accurist HouseW1U 7AL,0207 544 2424,mail@rochmanlandau.co.uk, 0207 544 2400,: http://www.rochmanlandau.co.uk,496280
ROITER ZUCKER,HO,Central CourtWC2A 1AL,020 3178 8900,mail@roiterzucker.co.uk, 020 3178 3298,: http://www.roiterzucker.co.uk,54470
ROSENBLATT,HO,9-13 St. Andrew StreetEC4A 3AF,020 7955 0880,info@rosenblatt-law.co.uk, 020 7955 0888,: http://www.rosenblatt-law.co.uk,70109
ROSS & CRAIG,HO,12a Upper Berkeley StreetW1H 7QE,020 7262 3077,reception@rosscraig.com, 020 7258 1550,: http://www.rosscraig.com,71562
ROUSE LEGAL,HO,11th FloorE14 9GE,020 7536 4100,london@iprints.com, 020 7536 4200,: http://www.iprights.com,71739
ROUSE LEGAL,BRN,1st FloorOX2 7BY,01865 318400,oxford@iprights.com, 01865 318401,: http://www.iprights.com,270493
ROUSE LEGAL,BRN,Electron BuildingOX11 0QR,01235 433300,harwell@iprights.com,,: http://www.iprights.com,515261
RUBINSTEIN PHILLIPS LLP,HO,19 Buckingham StreetWC2N 6EF,020 7925 2244,office@ruphlaw.co.uk, 020 7925 2256,: http://www.ruphlaw.com,440565
RUDZKI & JONES,HO,College Business CentreDE22 3WZ,01332 869264,info@rudzkiandjones.co.uk, 01332 650555,: http://www.rudzkiandjones.co.uk,515094
RUSSELL - COOKE LLP,HO,2 Putney HillSW15 6AB,0208 789 9111,helpdesk@russell-cooke.co.uk, 020 8780 1194,: http://www.russell-cooke.co.uk,465322
RUSSELL - COOKE LLP,BRN,Bishops Palace HouseKT1 1QN,020 8546 6111,operations@sra.org.uk, 020 8541 4404,: http://www.russell-cooke.co.uk,465340
RUSSELL - COOKE LLP,BRN,8 Bedford RowWC1R 4BX,020 7405 6566,operations@sra.org.uk, 020 7831 2565,: http://www.russell-cooke.co.uk,465350
RUSSELL JONES & WALKER,HO,50-52 Chancery LaneWC2A 1HL,2076571555,enquiries@rjw.co.uk,2076571557,: http://www.rjw.co.uk,54695
RUSSELL JONES & WALKER,BRN,11th Floor  The McLaren BuildiB4 7LN,0121 233 8300,enquiries@rjw.co.uk, 0121 233 8303,: http://www.rjw.co.uk,54697
RUSSELL JONES & WALKER,BRN,Broad Quay HouseBS1 4DJ,0117 374 2222,enquiries@rjw.co.uk, 0117 374 2233,: http://www.rjw.co.uk,54699
RUSSELL JONES & WALKER,BRN,First FloorM1 4DZ,0161 383 3500,enquiries@rjw.co.uk,,: http://www.rjw.co.uk,54703
RUSSELL JONES & WALKER,BRN,3rd Floor Fountain PrecinctS1 2JA,0114 276 6868,enquiries@rjw.co.uk, 0114 252 5600,: http://www.rjw.co.uk,224669
RUSSELL JONES & WALKER,BRN,Ground Floor Block CNE2 4LD,0191 204 6000,enquiries@rjw.co.uk, 0191 204 6039,: http://www.rjw.co.uk,259841
RUSSELL JONES & WALKER,BRN,Unit 6b  2nd Floor Benton OffiWF4 5RA,01924 234 300,enquiries@rjw.co.uk, 01924 234 343,: http://www.rjw.co.uk,386185
RUSSELLS,HO,Regency HouseW1B 5LJ,020 7439 8692,media@russells.co.uk, 020 7494 3582,: http://www.russellslaw.co.uk,54716
RUSTEM GUARDIAN SOLICITORS,HO,15 New Bridge StreetEC4V 6AU,0207 936 8000,t.rustem@rustemguardian.co.uk, 0207 936 8001,: http://www.rustemguardian.co.uk,419887
RUTH GLADWIN SOLICITOR,HO,89 Winston RoadN16 9LN,020 7241 1685,operations@sra.org.uk, 020 7241 1767,,324155
SA LAW LLP,HO,60 London RoadAL1 1NG,01727 798000,operations@sra.org.uk, 01727 798002,: http://www.salaw.com,421442
SALANS LLP,HO,Millennium Bridge HouseEC4V 4AJ,020 7429 6000,london@salans.com, 020 7429 6001,: http://www.salans.com,428018
SALANS LLP,BRN,North TowerBR1 1LR,020 8460 2237,operations@sra.org.uk, 020 8466 9374,: http://www.salans.com,498315
SALANS LLP,BRN,Keystone Innovation CentreIP24 1JD,01842 851 400,thetford@salans.com,,: http://www.salans.com,498322
SARAH CAMPBELL SOLICITORS,HO,The Old Stores YardCV35 0JS,01926 691110,solicitor@sarahcampbell.net, 01926 641388,,516914
SC ANDREW LLP,HO,Hillgate HouseEC4M 7HW,+ 44 (0)20 7183 1701,pamela.pillay@scandrew.com, + 44 (0)20 7183 1702,: http://www.scandrew.com,469123
SCHILLINGS,HO,40-41 Bedford SquareWC1B 3HX,020 7034 9000,legal@schillings.co.uk, 020 7034 9200,: http://www.schillings.co.uk,61425
SCHOFIELD SWEENEY LLP,BRN,Springfield HouseLS1 2AY,0113 220 6270,law@schoeys.com, 0113 243 9326,: http://www.schofieldsweeney.co.uk,399722
SCHYTHERBOLLE LIMITED,HO,The DairyOX1 5EP,01865 601 240,contact@stuartmalcolmllp.com,,,519547
SEBASTIANS,HO,St. Bartholomew HouseEC4Y 1PB,020 7583 2105,sebastians@seblaw.co.uk, 020 7353 1671,: http://www.sebastians.uk.com,45312
SEDDONS,HO,5 Portman SquareW1H 6NT,020 7725 8000,postmaster@seddons.co.uk, 020 7935 5049,: http://www.seddons.co.uk,68565
SELWYN & CO,HO,278 Langham RoadN15 3NP,020 8881 2272,mail@selwynandco.com, 020 8889 5159,: http://www.selwynandco.com,54980
SEYMOURS,HO,75 Carter LaneEC4V 5EP,020 7236 4322,jseymour@seymourslaw.com, 020 7236 4353,,380197
SFS LEGAL LIMITED,HO,Barkby HouseLE4 9LG,0845 257 6470,info@sfslegal.com, 0845 257 6471,: http://www.sfslegal.com,404903
SFS LEGAL LIMITED,BRN,25 Canada SquareE14 5LQ,+44 (0)845 257 6470,info@sfslegal.com, +44 (0)845 257 6471,,464536
SFS LEGAL LIMITED,BRN,Central BoulevardB90 8AG,0845 257 6470,info@sfslegal.com, 0845 257 6471,: http://www.sfslegal.com,497222
SHAKESPEARE PUTSMAN LLP,HO,Somerset HouseB2 5DJ,0121 237 3000,info@sp-legal.co.uk, 0121 237 3011,: http://www.sp-legal.co.uk,442480
SHERIDANS,HO,Whittington HouseWC1E 7EA,020 7079 0100,general@sheridans.co.uk, 020 7079 0200,: http://www.sheridans.co.uk,55137
SHERRARDS,HO,45 Grosvenor RoadAL1 3AW,01727 832830,law@sherrards.com, 01727 832 833,: http://www.sherrards.com,61067
SHERRARDS,BRN,47 Marylebone LaneW1U 2NT,020 7563 9800,law@sherrards.com, 020 7486 0798,: http://www.sherrards.com,471657
SHOOSMITHS,HO,5 The LakesNN4 7SH,08700 863000,operations@sra.org.uk, 08700 863001,: http://www.shoosmiths.co.uk,55171
SHOOSMITHS,BRN,Apex PlazaRG1 1SH,03700 868800,operations@sra.org.uk, 03700 868801,: http://www.shoosmiths.co.uk,55177
SHOOSMITHS,BRN,Waterfront HouseNG2 3DQ,03700 865000,nottingham@shoosmiths.co.uk, 03700 865001,,55178
SHOOSMITHS,BRN,1550 Parkway  Solent BusinessPO15 7AG,01489 881010,operations@sra.org.uk, 01489 881000,,55189
SHOOSMITHS,BRN,1st FloorMK9 1ES,08700 868300,operations@sra.org.uk, 08700 868301,,327406
SHOOSMITHS,BRN,7th FloorB3 3SH,08700 864000,operations@sra.org.uk, 08700 864001,,379843
SHOOSMITHS,BRN,10th FloorM3 3HF,03700 865 600,harold.brako@shoosmiths.co.uk, 03700 865 601,: http://www.shoosmiths.co.uk,508808
SHOOSMITHS SOLICITORS PERSONAL INJURY DIVISION,BRN,Quantum HouseRG21 4EX,01256 696200,operations@sra.org.uk, 01256 696201,: http://www.shoosmiths.co.uk,311964
SHULMANS,HO,120 Wellington StreetLS1 4LT,0113 245 2833,mail@shulmans.co.uk, 0113 246 7326,: http://www.shulmans.co.uk,55208
SIBLEY & CO,HO,1 Heathcock CourtWC2R 0NT,020 7395 9790,email@sibleyco.net, 020 7379 3371,,325438
SILVERMAN SHERLIKER LLP,HO,7 Bath PlaceEC2A 3DR,020 7749 2700,mail@silvermansherliker.co.uk, 020 7739 4309,: http://www.silvermansherliker.co.uk,400126
SIMMONS & SIMMONS,HO,CitypointEC2Y 9SS,020 7628 2020,operations@sra.org.uk, 020 7628 2070,: http://www.simmons-simmons.com,55256
SIMON BURN SOLICITORS,HO,123 PromenadeGL50 1NW,01242 228444,simon.burn@simonburn.com, 01242 516888,: http://www.simonburn.com,400881
SIMONS MUIRHEAD & BURTON,HO,8-9 Frith StreetW1D 3JB,0203 206 2700,mail@smab.co.uk, 0203 206 2800,: http://www.smab.co.uk,62726
SINCLAIRS,BRN,173 Waterloo RoadB25 8LH,,sinclairs@sinclairslaw.co.uk,,: http://www.sinclairslaw.co.uk,471922
SINTONS LLP,HO,The CubeNE4 6DB,0191 226 7878,phil.ridley@sintons.co.uk, 0191 226 7850,: http://www.sintons.co.uk,398301
SJ BERWIN LLP,HO,10 Queen Street PlaceEC4R 1BE,020 7111 2222,info@sjberwin.com, 020 7111 2000,: http://www.sjberwin.com,421465
SLAUGHTER AND MAY,HO,One Bunhill RowEC1Y 8YY,+44 (0) 20 7600 1200,operations@sra.org.uk, +44 (0) 20 7090 5000,: http://www.slaughterandmay.com,55388
SLOAN PLUMB WOOD LLP,HO,Apollo HousePE2 6QR,01733 302410,operations@sra.org.uk, 01733 390552,: http://www.spw-law.co.uk,469338
SMITH PARTNERSHIP,HO,4th FloorDE1 1LS,01332 225 225,admin@smithpartnership.co.uk, 01332 225 444,: http://www.smithpartnership.co.uk,67595
SMITHFIELD PARTNERS LIMITED,HO,2nd FloorEC4N 5AF,0845 539 1000,solicitors@smithfieldpartners.com, 0207 397 8753,: http://www.smithfieldpartners.com,499315
SMITHS-LAW LLP,HO,17 Shorts GardensWC2H 9AT,020 7395 8630,operations@sra.org.uk, 020 7395 8639,,400292
SMYTH BARKHAM,HO,2 Henrietta StreetWC2E 8PS,020 7632 9550,sb@SmythBarkham.co.uk, 020 7632 9551,: http://www.smythbarkham.co.uk,260338
SOUND ADVICE (LEGAL) LLP,HO,1-5 Exchange CourtWC2R 0JU,0207420 4300,operations@sra.org.uk, 020 7420 4399,: http://www.soundadvicellp.com,484400
SOVEREIGN TRUSTEES LIMITED,BRN,100 Barbirolli SquareM2 3AB,0161 934 6000,operations@sra.org.uk, 0161 934 6060,,344178
SPEECHLY BIRCHAM LLP,HO,6 New Street SquareEC4A 3LX,+44 (0)20 7427 6400,operations@sra.org.uk, +44 (0)20 7427 6600,: http://www.speechlys.com,447094
SPRECHER GRIER HALBERSTAM LLP,HO,One America SquareEC3N 2SG,0207 264  4444,info@sghlaw.com, 0207 264 4440,: http://www.sghlaw.com,347123
SPRING LAW LIMITED,HO,65 Chandos PlaceWC2N 4HG,2073954870,info@springlaw.co.uk,2073954871,: http://www.springlaw.co.uk,424107
SSB SOLICITORS,HO,Matrix ComplexSW6 3BU,020 7348 7630,legal@ssb.co.uk, 020 7348 7631,: http://www.ssb.co.uk,189463
ST ANN'S PENSION TRUSTEES LIMITED,HO,112 QuaysideNE99 1SB,0191 279 9000,law@dickinson-dees.com, 0191 279 9100,: http://www.dickinson-dees.com,371391
ST ENTERTAINMENT LAW,HO,3 Glenhurst AvenueNW5 1PT,020 7504 5859,sarah@entlawint.com, 020 7504 5860,: http://www.entlawint.com,518161
STATHAM GILL DAVIES,HO,54 Welbeck StreetW1G 9XS,020 7317 3210,kaz.gill@sgdlaw.com, 020 7487 5925,,417602
STEELES (LAW) LLP,BRN,21a John StreetWC1N 2BF,020 7421 1720,operations@sra.org.uk, 020 7421 1749,,388194
STEER & CO,HO,St. Brandons HouseBS1 5QT,07887 627 063,enquiries@steerandco.com, 01278 76 00 85,: http://www.steerandco.com,438884
STEPHENSON HARWOOD,HO,1 St. Paul's ChurchyardEC4M 8SH,020 7329 4422,victoria.johnston@shlegal.com, 020 7329 7100,: http://www.shlegal.com,55865
STEPHENSONS SOLICITORS LLP,BRN,City WharfM3 5ER,01942 777777,operations@sra.org.uk, 0161 832 8912,: http://www.stephensons.co.uk,449156
STEPIEN LAKE,HO,57 Queen Anne StreetW1G 9JR,020 7467 3030,info@stepienlake.co.uk, 020 7467 3040,: http://www.stepienalke.co.uk,73754
STEVENS & BOLTON LLP,HO,The BillingsGU1 4YD,01483 302264,mail@stevens-bolton.co.uk, 01483 302254,: http://www.stevens-bolton.co.uk,401245
STEVENSDRAKE,HO,117-119 High StreetRH10 1DD,01293 596900,info@stevensdrake.com, 01293 596971,: http://www.stevensdrake.com,55896
STREATHERS SOLICITORS LLP,HO,128 Wigmore StreetW1U 3SA,020 7034 4200,operations@sra.org.uk, 020 7034 4303,: http://www.streathers.com/home.htm,448640
STREATHERS TRUST CORPORATION LIMITED,HO,128 Wigmore StreetW1U 3SA,0207 034 4200,ssmith@streathers.co.uk, 0207 034 4308,: http://www.streathers.com/home.htm,472715
STRIPES SOLICITORS LIMITED,HO,6th Floor  Ship Canal HouseM2 4WU,0161 832 5000,enquiries@stripes.eu, 0161 832 5050,: http://www.stripes.eu,468006
STUART MALCOLM LLP,HO,The DairyOX1 5EP,01865 601 240,contact@stuartmalcolmllp.com, 01865 601241,: http://www.stuartmalcolmllp.com,519546
SVEDBERG LAW,HO,85 Chelsea Manor StreetSW3 5QP,0207 368 7000,mail@svedberglaw.com, 0207 351 6896,: http://www.svedberglaw.com,69120
SWAN TURTON LLP,HO,68a Neal StreetWC2H 9PA,0207 520 9555,info@swanturton.com, 0207 520 9556,: http://www.swanturton.com,519414
TANDA MIGLIORINI & ASSOCIATES LLP,HO,31 Southampton RowWC1B 5HJ,0203 170 7687,operations@sra.org.uk, 0203 008 6011,: http://www.tmalegal.com,514913
TAYLOR WESSING LLP,HO,5 New Street SquareEC4A 3TW,020 7300 7000,london@taylorwessing.com, 020 7300 7100,: http://www.taylorwessing.com,463016
TEACHER STERN LLP,HO,37-41 Bedford RowWC1R 4JH,0207 242 3191,contact@teacherstern.com,2071978010,: http://www.teacherstern.com,482952
THATWISE LIMITED,HO,3 Dunstall GreenGU24 8HP,01276 485 948,operations@sra.org.uk,,,497323
THE HOWARD PARTNERSHIP LIMITED,HO,The Open SpaceHP22 4DE,0207 831 4511,richard.howard@richardhoward.co.uk, 0800 093 4214,: http://www.richardhoward.tv,388174
THE HOWARD PARTNERSHIP LIMITED,BRN,Central CourtWC2A 1AL,0207 831 4511,richard.howard@richardhoward.co.uk, 0207 831 4512,: http://www.richardhoward.co.uk,388175
THE INTERNATIONAL PROPERTY LAW CENTRE LLP,HO,14 Scale LaneHU1 1LA,01482 224 900,info@iplc.co.uk, 01482 240192,: http://www.maxgold.com,495898
THE KHAN PARTNERSHIP LLP,HO,48-49 Russell SquareWC1B 4JP,020 7612 2530,info@thekhanpartnership.com, 020 7612 2531,: http://www.thekhanpartnership.com,472053
THE LEGAL PARTNERS LIMITED,HO,Parkshot HouseTW9 2PR,0208 255 1914,richard.mullett@thelegalpartners.com,,: http://www.thelegalpartners.com,402552
THE WALKERS PARTNERSHIP,HO,1-3 Lower King StreetSG8 5AJ,01763 241121,info@walkerspartnership.co.uk, 01763 249096,: http://www.walkerspartnership.co.uk,67740
THE WATERHOUSE TRUSTEE COMPANY,HO,35 Vine StreetEC3N 2AA,0207 861 4000,operations@sra.org.uk,,,328080
THOMPSON & LILLEY,HO,20a Berkeley StreetW1J 8AH,0207 499 3633,info@thompsonlilley.co.uk, 020 7499 4248,: http://www.thompsonlilley.com,403891
THOMSON SNELL & PASSMORE,HO,3 Lonsdale GardensTN1 1NX,01892 510000,rboorman@ts-p.co.uk, 01892 54 9884,: http://www.ts-p.co.uk,56451
THRING TOWNSEND LEE & PEMBERTONS,HO,6 Drakes MeadowSN3 3LL,01793 410800,solicitors@ttuk.com, 01793 539040,: http://www.ttuk.com,330638
THRING TOWNSEND LEE & PEMBERTONS,BRN,Midland Bridge RoadBA1 2HQ,01225 340000,operations@sra.org.uk, 01225 319 735,,362661
THRING TOWNSEND LEE & PEMBERTONS,BRN,The ParagonBS1 6BX,1179309500,solicitors@ttuk.com,1179293369,: http://www.ttuk.com,427400
THRING TOWNSEND LEE & PEMBERTONS,BRN,Kinnaird HouseSW1Y 5AU,0207 766 5600,operations@sra.org.uk, 020 7766 5675,: http://www.ttuk.com,468263
THURLOE & LYNDHURST LLP,HO,139 PiccadillyW1J 7NU,020 7478 9140,s.kingsley@thurloelaw.com, 020 7495 1901,: http://www.thurloelaw.com,419608
TIM JOHNSON/LAW,HO,4 BroadgateEC2M 2QY,02078 562 590,oksana@timjohnson-law.com, 020 7965 4503,: http://www.timjohnson-law.com,510616
TIMOTHY J R KIRKHOPE,HO,Biwater HouseRH4 1TZ,01306 746107,timothy.kirkhope@btinternet.com, 01306 746072,,265279
TLT LLP,HO,1 Redcliff StreetBS1 6TP,0117 917 7777,generalenquiries@TLTsolicitors.com, +44 (0)117 917 7778,: http://www.tltsolicitors.com,406297
TLT LLP,BRN,6th FloorSE1 9LH,020 7620 1311,operations@sra.org.uk, 020 7620 0860,: http://www.tltsolicitors.com,420844
TLT LLP,BRN,101 Victoria StreetBS1 6PU,,operations@sra.org.uk,,,494808
TOWERHOUSE CONSULTING LLP,HO,10 Fitzroy SquareW1T 5HP,0870 800 5300,office@towerhouseconsulting.com, 0207 874 1883,: http://www.towerhousecinsulting.com,468963
TRAVERS SMITH LLP,HO,10 Snow HillEC1A 2AL,0207 295 3000,travers.smith@traverssmith.com, 0207 295 3500,: http://www.traverssmith.com,489478
TRAVERS SMITH LLP,BRN,12 Smithfield StreetEC1A 9LA,0207 295 3000,operations@sra.org.uk, 0207 295 3500,,489483
TRUELEGAL SOLICITORS,HO,76 Fore StreetEX3 0HQ,01392 879 414,info@truelegal.co.uk, 01392 879 429,: http://www.truelegal.co.uk,324152
TRUSTEE SOLUTIONS LIMITED,HO,1 Park RowLS1 5AB,0113 244 5000,operations@sra.org.uk, 0113 244 8000,: http://www.pinsentmasons.com,76341
TULLOCH & CO,HO,4 Hill StreetW1J 5NE,020 7318 1180,atulloch@atulloch.com, 020 7318 1150,: http://www.atulloch.com,311021
TURNER PARKINSON LLP,HO,Hollins ChambersM3 3BA,0161 833 1212,tp@tp.co.uk, 0161 834 9098,: http://www.tp.co.uk,420638
VAN STRATEN SOLICITORS,HO,RB BuildingW10 4RH,0208 588 9660,adam@vanstraten.co.uk, 020 8969 7285,: http://www.vanstraten.co.uk,487849
VEALE WASBROUGH VIZARDS,HO,Orchard CourtBS1 5WS,0117 925 2020,central@vwl.co.uk, 0117 925 2025,: http://www.vwl.co.uk,68837
VEALE WASBROUGH VIZARDS,BRN,Barnards InnEC4A 1AD,0207 405 1234,central@vwl.co.uk, 0207 405 4171,: http://www.vwl.co.uk,522365
VERISONA,BRN,Wellesley HousePO7 7AN,02392 265 251,mail@verisona.com, 02392 241 597,: http://www.verisona.com,494909
VERISONA,BRN,Building 1000PO6 3EN,02392 380112,mail@verisona.com, 02392 312080,: http://www.verisona.com,512701
VERISONA LIMITED,HO,64-66 West StreetPO9 1PA,023 9249 2472,mail@verisona.com, 02392 492 462,: http://www.verisona.com,494891
VERTEX LAW LLP,HO,23 Kings Hill AvenueME19 4UA,01732 224 000,operations@sra.org.uk, 01732 224 001,: http://www.vertexlaw.co.uk,405216
VISAME LLP,HO,Suite 426  Linen HallW1B 5TE,0207 851 7160,qr@bridgehouselaw.com, 0845 644 5163,: http://www.visame.eu,499582
VIZARDS WYETH,BRN,Asia HouseEC3M 7HT,020 7400 9999,operations@sra.org.uk, 020 7626 7788,,353328
W. DAVIES,HO,Acorn HouseGU21 5AB,01483 744 900,wds@wdavies.com, 01483 744901,: http://www.wdavies.com,49676
WAKE SMITH & TOFIELDS,HO,68 Clarkehouse RoadS10 2LJ,0114 266 6660,legal@wake-smith.com, 0114 267 1253,: http://www.wake-smith.com,57054
WAKE SMITH & TOFIELDS,BRN,55 Old Broad StreetEC2M 1RX,0207 997 6009,legal@wakesmith.com, 0207 997 6190,: http://www.wake-smith.com,488358
WAKE SMITH AND TOFIELDS,BRN,6 Campo LaneS1 2EF,0114 266 6660,legal@wake-smith.com, 0114 273 1956,: http://www.wake-smith.com,57058
WAKE SMITH AND TOFIELDS,BRN,14 Figtree LaneS1 2DJ,0114 266 6660,legal@wake-smith.com, 0114 273 1956,: http://www.wake-smith.com,468220
WALKERS,HO,20 CastlegateYO1 9RN,01904 633220,walkerlaw@btconnect.com,,,489099
WALLACE LLP,HO,1 Portland PlaceW1B 1PN,020 7636 4422,lawyers@wallace.co.uk, 020 7636 3736,: http://www.wallace.co.uk,401300
WARD HADAWAY,HO,Sandgate HouseNE1 3DX,0191 204 4000,enquiries@wardhadaway.com, 0191 204 4001,: http://www.wardhadaway.com,204387
WARD HADAWAY,BRN,1a Tower SquareLS1 4DL,0113 205 6600,enquiries@wardhadaway.com, 0113 205 6700,: http://www.wardhadaway.com,494985
WATERFRONT SOLICITORS LLP,HO,5 The Leather MarketSE1 3ER,0207 234 0200,info@waterfrontsolicitors.com, 0207 234 0600,: http://www.waterfrontsolicitors.com,499950
WATSON BURTON LLP,HO,1 St. James' GateNE99 1YQ,0191 244 4444,enquiries@watsonburton.com, 0191 244 4500,: http://www.watsonburton.com,401287
WATSON BURTON LLP,BRN,1 City SquareLS1 2ES,0113 235 5455,enquiries@watsonburton.com, 0113 235 5450,: http://www.watsonburton.com,420341
WATSON BURTON LLP,BRN,Floor 29EC3A 8BF,020 7337 8300,enquiries@watsonburton.com, 020 7337 8350,: http://www.watsonburton.com,444400
WEDLAKE BELL,HO,52 Bedford RowWC1R 4LR,020 7395 3000,legal@wedlakebell.com, 020 7395 3100,: http://www.wedlakebell.com,57446
WEIGHTMANS LLP,BRN,Second FloorEC4A 3BF,0207 822 1900,james.holman@weightmans.com, 0207 822 1901,: http://www.weightmans.com,463332
WEIL GOTSHAL & MANGES,HO,1 South PlaceEC2M 2WG,020 7903 1000,operations@sra.org.uk, 020 7903 0990,: http://www.weil.com,192479
WESTWOOD SOLICITORS,BRN,Carlton HouseM2 5PE,0161 832 6178,info@westwood-solicitors.co.uk, 0161 832 6147,: http://www.westwood-solicitors.co.uk,364034
WIGGIN LLP,HO,95 PromenadeGL50 1WG,01242 224114,law@wiggin.co.uk, 01242 224223,: http://www.wiggin.co.uk,420659
WIGGIN OSBORNE FULLERLOVE,HO,95 PromenadeGL50 1HH,01242 710200,operations@sra.org.uk, 01242 710201,,388242
WILMER CUTLER PICKERING  HALE AND DORR LLP,HO,Alder CastleEC2V 7QJ,020 7645 2400,operations@sra.org.uk, 020 7645 2424,: http://www.wilmerhale.com,287488
WILMER CUTLER PICKERING  HALE AND DORR LLP,BRN,4 Carlton GardensSW1Y 5AA,020 7872 1000,operations@sra.org.uk, 020 7839 3537,: http://www.wilmerhale.com,402261
WILMER CUTLER PICKERING HALE AND DORR LLP,BRN,Park GateOX14 4SH,020 7645 2400,operations@sra.org.uk, 020 7645 2424,: http://www.wilmerhale.com,330490
WINTON & WINTON LIMITED,HO,Upper CrossRG20 8JY,01635 814418,charlotte@winton.biz,,: http://www.wintonwinton.com,441262
WITHERS LLP,HO,16 Old BaileyEC4M 7EG,020 7597 6000,julie.culham@withersworld.com, 0207 597 6543,: http://www.withersworldwide.com,352314
WITHY KING,HO,5-6 Northumberland BuildingsBA1 2JE,01225 425731,lucy.hughes@withyking.co.uk, 01225 315562,: http://www.withyking.co.uk,59889
WITHY KING,BRN,Bryer Ash Business ParkBA14 8AW,01225 777464,mail@withyking.co.uk, 01225 405115,: http://www.withyking.co.uk,272172
WITHY KING,BRN,James Street WestBA1 2BT,01225 425731,mail@withking.co.uk, 01225 315562,: http://www.withyking.co.uk,353609
WITHY KING,BRN,4-6 Newport StreetSN1 3DX,01793 536526,enquiries@withyking.co.uk, 01793 618140,: http://www.withyking.co.uk,365646
WITHY KING,BRN,Ailesbury CourtSN8 1AA,01672 514871,enquiries@withyking.co.uk, 01672 515049,: http://www.withyking.co.uk,365647
WITHY KING (INCORPORATING MARSHALL & GALPIN),BRN,7 ButtermarketOX9 3EW,,operations@sra.org.uk,,,495796
WITHY KING (INCORPORATING MARSHALL AND GALPIN),BRN,33 West St. Helen StreetOX14 5DY,01235 555345,mail@withyking.co.uk, 01235 553489,: http://www.withyking.co.uk,493357
WITHY KING (INCORPORATING MARSHALL AND GALPIN),BRN,North Bailey HouseOX1 2EA,01865 792300,enquiries@withyking.co.uk, 01865 793616,: http://www.withyking.co.uk,493358
WOLLASTONS LLP,HO,Brierly PlaceCM2 0AP,01245 211211,operations@sra.org.uk, 01245 354764,: http://www.wollastons.co.uk,425062
WOOLF SIMMONDS,HO,1 Great Cumberland PlaceW1H 7AL,020 7262 1266,email@woolfsimmonds.co.uk, 020 7723 7159,: http://www.woolfsimmonds.co.uk,71082
WRAGGE & CO LLP,HO,55 Colmore RowB3 2AS,0121 233 1000,mail@wragge.com, 0121 214 1099,: http://www.wragge.com,382961
WRAGGE & CO LLP,BRN,3 Waterhouse SquareEC1N 2SW,0870 903 1000,mail@wragge.com, 0870 904 1099,: http://www.wragge.com,382962
YOUNG & LEE SOLICITORS LIMITED,HO,6 The WharfB1 2JS,0121 633 3233,operations@sra.org.uk, 0121 632 5292,,485028
ZIMMERS,HO,5 Water LaneNW1 8NZ,0870 770 0171,operations@sra.org.uk, 0870 770 0172,,260354
